appid,releaseDate,price,developer tier,publisher tier,genre,early access,achievement,tag,languages,steam award,DLC,recent positive,all positive,single or multi,positive review,negative review,recent player,peek player,most achieved rate,is review positive
105600,2011-05-16,10500.0,2.0,2.0,Action,0.0,104.0,Open World Survival Craft,9.0,1.0,1.0,Overwhelmingly Positive,Overwhelmingly Positive,single and multi,954769.0,20730.0,31842.8,486918.0,85.9,0.842216
105700,2011-07-19,1100.0,6.0,6.0,Action,0.0,13.0,Indie,1.0,0.0,0.0,Mostly Positive,,single only,78.0,51.0,,,8.2,0.16989651
105800,2012-02-03,32000.0,5.0,5.0,Action,0.0,61.0,Indie,10.0,0.0,1.0,Very Positive,,single only,596.0,150.0,,,79.8,0.93488586
107100,2011-08-17,15500.0,2.0,2.0,Action,0.0,24.0,Great Soundtrack,6.0,0.0,1.0,Very Positive,Overwhelmingly Positive,single only,33399.0,1533.0,36.1,4063.0,83.9,0.7638835
107200,2011-08-16,10500.0,6.0,6.0,Action,0.0,48.0,Space,1.0,0.0,0.0,Very Positive,,single only,2654.0,249.0,16.3,3595.0,53.8,0.96909463
107300,2011-07-14,3300.0,6.0,6.0,RPG,0.0,0.0,JRPG,1.0,0.0,0.0,Very Positive,,single only,1110.0,212.0,,,,0.86486006
107310,2011-07-14,3300.0,6.0,6.0,Indie,0.0,0.0,JRPG,1.0,0.0,0.0,Very Positive,,single only,3045.0,260.0,4.6,488.0,,0.9856704
107410,2013-09-12,36000.0,2.0,2.0,Action,0.0,120.0,Action,14.0,0.0,1.0,Very Positive,,single and multi,203543.0,21687.0,12113.2,56185.0,92.6,0.07875928
107600,2011-11-17,5500.0,5.0,5.0,Action,0.0,54.0,Bullet Hell,1.0,0.0,1.0,Overwhelmingly Positive,,single only,1020.0,61.0,,,67.7,0.97761476
108110,2012-02-17,14500.0,5.0,5.0,RPG,0.0,0.0,RPG,2.0,0.0,1.0,,,single only,45.0,92.0,,,,0.2278342
108200,2012-05-25,10500.0,2.0,2.0,Casual,0.0,83.0,Board Game,5.0,0.0,1.0,Very Positive,Very Positive,single only,3921.0,416.0,320.3,2115.0,35.8,0.97920203
108210,2011-10-13,0.0,2.0,2.0,Casual,0.0,62.0,Strategy,2.0,0.0,0.0,,,single only,348.0,191.0,8.1,57.0,18.4,0.91863775
108500,2012-03-02,9500.0,5.0,6.0,Action,0.0,20.0,Puzzle,5.0,0.0,0.0,Very Positive,,single only,630.0,82.0,,,33.9,0.8837755
108600,2013-11-08,20500.0,6.0,6.0,Indie,0.0,0.0,Survival,17.0,0.0,0.0,Very Positive,Very Positive,single and multi,96041.0,8089.0,15930.9,65379.0,,0.8963239
108700,2012-08-04,10500.0,2.0,2.0,Action,0.0,87.0,Racing,1.0,0.0,0.0,Mostly Positive,,single only,487.0,199.0,,,48.9,0.9643386
108710,2012-02-17,15500.0,2.0,2.0,Action,0.0,67.0,Action,11.0,0.0,1.0,Very Positive,Very Positive,single only,33345.0,3329.0,66.9,6612.0,83.3,0.9150995
108800,2011-03-23,33000.0,1.0,1.0,Action,0.0,0.0,Action,11.0,0.0,0.0,Very Positive,Very Positive,single only,10661.0,1912.0,48.7,3885.0,,0.6193716
109200,2011-07-27,10500.0,6.0,6.0,Casual,0.0,0.0,Indie,1.0,0.0,0.0,Mostly Positive,,single only,89.0,27.0,,,,0.100109994
109500,2012-03-22,5500.0,6.0,6.0,Action,0.0,0.0,Action,1.0,0.0,0.0,,,single only,106.0,74.0,,,,0.31852823
109600,2013-12-06,0.0,2.0,6.0,Action,0.0,0.0,Free to Play,5.0,0.0,0.0,Mostly Positive,Mostly Positive,single and multi,26879.0,7781.0,901.9,14822.0,,0.9822794
109700,2011-08-30,21000.0,6.0,6.0,Indie,0.0,18.0,Strategy,1.0,0.0,0.0,,,single only,65.0,36.0,,,3.8,0.31852823
110400,2011-11-01,10500.0,6.0,6.0,Indie,0.0,37.0,Racing,1.0,0.0,0.0,Very Positive,,single only,127.0,48.0,,,11.7,0.31852823
110500,2011-10-25,0.0,6.0,6.0,Action,0.0,21.0,Action,1.0,0.0,0.0,,,single only,62.0,31.0,,,69.2,0.4491586
110600,2011-09-16,5500.0,6.0,6.0,Action,0.0,8.0,Indie,5.0,0.0,0.0,Mostly Positive,,single only,33.0,28.0,,,56.4,0.18247887
110610,2011-10-19,5500.0,6.0,6.0,Action,0.0,13.0,Action,5.0,0.0,0.0,Positive,,single only,52.0,19.0,0.0,6.0,89.9,0.85217595
110630,2012-03-22,5500.0,6.0,6.0,Action,0.0,12.0,Indie,5.0,0.0,0.0,Mostly Positive,,single only,33.0,15.0,0.0,7.0,75.1,0.31852823
110800,2011-11-09,22800.0,6.0,1.0,Adventure,0.0,60.0,Detective,6.0,0.0,0.0,Very Positive,Very Positive,single only,23345.0,4057.0,229.2,3541.0,68.4,0.081920356
111000,2011-08-11,7500.0,6.0,6.0,Indie,0.0,0.0,Casual,10.0,0.0,0.0,,,single only,46.0,37.0,,,,0.80701363
111010,2011-09-24,10500.0,6.0,6.0,Adventure,0.0,0.0,Adventure,8.0,0.0,0.0,,,single only,46.0,27.0,,,,0.96642363
111100,2012-02-04,5500.0,4.0,4.0,Casual,0.0,11.0,Casual,1.0,0.0,0.0,Very Positive,,single only,372.0,84.0,0.0,122.0,46.8,0.957458
111300,2011-10-19,10500.0,6.0,6.0,Action,0.0,12.0,Racing,2.0,0.0,0.0,,,single only,27.0,13.0,,,27.6,0.31852823
111400,2011-09-22,5500.0,5.0,5.0,Action,0.0,57.0,Action,4.0,0.0,1.0,,,single only,201.0,219.0,0.0,97.0,60.6,0.09081194
111600,2011-08-31,10500.0,5.0,1.0,Action,0.0,30.0,Action,5.0,0.0,0.0,Very Positive,,single and multi,632.0,120.0,0.8,63.0,46.2,0.14962009
111800,2011-08-20,5500.0,5.0,6.0,Casual,0.0,32.0,Indie,2.0,0.0,0.0,Very Positive,,single only,585.0,171.0,,,76.8,0.611244
112100,2011-08-18,10500.0,2.0,2.0,RPG,0.0,30.0,RPG,1.0,0.0,0.0,Very Positive,,single only,436.0,95.0,3.8,94.0,40.3,0.86439097
113020,2013-04-25,21000.0,4.0,2.0,Action,0.0,13.0,Co-op,3.0,0.0,1.0,Very Positive,,single and multi,7636.0,782.0,14.3,38410.0,35.8,0.9723661
113200,2011-09-29,5500.0,2.0,2.0,Action,0.0,99.0,Action Roguelike,1.0,0.0,1.0,Very Positive,Overwhelmingly Positive,single only,51686.0,2485.0,225.6,12295.0,70.1,0.7165195
113400,2011-12-07,0.0,6.0,6.0,Action,0.0,60.0,Free to Play,1.0,0.0,0.0,,,,22763.0,13020.0,180.3,5592.0,9.1,0.16751894
113420,2011-10-12,0.0,6.0,6.0,Free to Play,0.0,650.0,Free to Play,1.0,0.0,0.0,Very Positive,,multi only,4280.0,3044.0,116.9,1052.0,37.7,0.9592505
115100,2011-10-15,10500.0,2.0,2.0,Adventure,0.0,21.0,RPG,5.0,0.0,0.0,Very Positive,,single only,3246.0,237.0,5.2,742.0,64.3,0.82282853
115110,2012-03-07,10500.0,2.0,2.0,Adventure,0.0,21.0,Adventure,5.0,0.0,0.0,Very Positive,,single only,1447.0,175.0,2.5,660.0,55.6,0.9796063
115120,2012-08-14,16000.0,2.0,2.0,Action,0.0,23.0,Action,6.0,0.0,0.0,Very Positive,,single and multi,811.0,150.0,6.5,702.0,63.5,0.9160385
115200,2005-04-26,5900.0,2.0,2.0,Strategy,0.0,0.0,Strategy,4.0,0.0,0.0,,,single only,268.0,230.0,10.1,52.0,,0.2568081
115210,2003-02-07,5700.0,2.0,2.0,Strategy,0.0,0.0,Strategy,1.0,0.0,0.0,,,single only,319.0,157.0,11.8,59.0,,0.03423375
115220,2003-09-30,5700.0,2.0,2.0,Strategy,0.0,0.0,Strategy,1.0,0.0,0.0,,,single only,306.0,138.0,13.5,55.0,,0.4290387
115300,2011-11-08,21500.0,2.0,6.0,Action,0.0,76.0,Action,5.0,0.0,1.0,Overwhelmingly Positive,Very Positive,single only,27401.0,3892.0,1.3,14.0,85.1,0.31852823
115800,2016-11-02,27000.0,4.0,4.0,Action,0.0,12.0,Pixel Graphics,13.0,0.0,1.0,Very Positive,Very Positive,single only,4428.0,787.0,10.8,1287.0,30.0,0.97487575
116100,2014-06-06,10500.0,6.0,6.0,Indie,0.0,26.0,Racing,2.0,0.0,0.0,,,single only,218.0,161.0,,,37.9,0.93900657
116120,2011-10-20,5500.0,6.0,6.0,Action,0.0,18.0,Indie,1.0,0.0,0.0,Very Positive,,single only,134.0,31.0,1.1,8.0,82.9,0.6847129
200010,2012-06-22,9500.0,6.0,1.0,Casual,0.0,25.0,Puzzle Platformer,6.0,0.0,1.0,Very Positive,,single only,1591.0,290.0,4.0,842.0,91.9,0.19613802
200020,2011-10-27,5500.0,6.0,6.0,Action,0.0,24.0,Action,6.0,0.0,0.0,,,single only,146.0,217.0,,,75.2,0.5632334
200080,2010-10-19,7500.0,3.0,3.0,Adventure,0.0,0.0,Adventure,1.0,0.0,0.0,Mostly Positive,,single only,205.0,55.0,9.3,59.0,,0.31852823
200130,2011-10-25,5500.0,6.0,6.0,Casual,0.0,17.0,Casual,1.0,0.0,0.0,Mostly Positive,,single only,168.0,49.0,0.9,40.0,35.3,0.9674486
200150,2015-12-12,32000.0,6.0,4.0,Casual,0.0,67.0,Strategy,1.0,0.0,0.0,,,single only,157.0,147.0,,,68.1,0.31852823
200170,2012-10-11,27000.0,1.0,1.0,Strategy,0.0,34.0,Strategy,8.0,0.0,1.0,Very Positive,Very Positive,single only,6643.0,1017.0,58.1,7770.0,69.0,0.89923036
200190,2011-11-16,10500.0,6.0,6.0,Adventure,0.0,10.0,Adventure,5.0,0.0,0.0,,,single and multi,69.0,49.0,,,60.9,0.06362671
200210,2012-02-21,0.0,6.0,5.0,Action,0.0,31.0,Action Roguelike,1.0,0.0,1.0,Mostly Positive,Very Positive,multi only,35054.0,6687.0,1284.5,6072.0,64.0,0.35469592
200230,2011-09-30,5500.0,2.0,2.0,Racing,0.0,0.0,Simulation,7.0,0.0,0.0,,,single only,375.0,218.0,1.3,44.0,,0.31852823
200260,2012-09-08,21000.0,6.0,1.0,Action,0.0,64.0,Action,8.0,0.0,0.0,Overwhelmingly Positive,Overwhelmingly Positive,single only,44553.0,1908.0,534.8,6822.0,84.7,0.31852823
200370,2012-10-24,10500.0,6.0,1.0,Casual,0.0,27.0,Strategy,2.0,0.0,1.0,,,single only,324.0,186.0,2.5,1623.0,73.4,0.31852823
200390,2012-01-26,0.0,6.0,6.0,Indie,0.0,40.0,Strategy,3.0,0.0,1.0,,,single only,225.0,200.0,,,66.5,0.8122419
200410,2012-01-26,8500.0,5.0,5.0,Action,0.0,53.0,Indie,1.0,0.0,0.0,,,single only,54.0,51.0,,,69.5,0.31852823
200490,2012-11-10,12900.0,2.0,2.0,Adventure,0.0,0.0,Adventure,4.0,0.0,0.0,,,single only,108.0,58.0,,,,0.31852823
200510,2012-10-12,32000.0,2.0,1.0,Strategy,0.0,85.0,Turn-Based Strategy,10.0,0.0,1.0,Very Positive,Very Positive,single only,46983.0,2768.0,679.4,70560.0,87.5,0.25813076
200550,2011-09-28,11800.0,2.0,2.0,RPG,0.0,27.0,Strategy,3.0,0.0,0.0,,,single only,95.0,152.0,1.3,184.0,23.5,0.7474941
200670,2011-10-12,11800.0,6.0,2.0,Strategy,0.0,0.0,Strategy,2.0,0.0,0.0,,,single only,83.0,166.0,2.0,69.0,,0.9690505
200710,2012-09-21,16000.0,2.0,2.0,Action,0.0,119.0,RPG,7.0,0.0,0.0,Very Positive,Very Positive,single only,38048.0,2794.0,394.9,54010.0,82.9,0.119906425
200900,2011-11-23,16000.0,3.0,3.0,Action,0.0,75.0,Platformer,1.0,0.0,0.0,Mostly Positive,Very Positive,single only,6331.0,442.0,12.2,924.0,87.7,0.35996944
200910,2011-10-21,5500.0,6.0,6.0,Indie,0.0,21.0,Rhythm,1.0,0.0,0.0,Very Positive,,single only,1184.0,183.0,,,82.9,0.20658737
200960,2001-12-01,21000.0,2.0,2.0,Strategy,0.0,0.0,RPG,1.0,0.0,0.0,Very Positive,,single only,334.0,25.0,2.8,75.0,,0.9350068
200980,2003-07-01,21000.0,2.0,2.0,Strategy,0.0,0.0,RPG,1.0,0.0,0.0,Very Positive,,single only,62.0,5.0,2.4,13.0,,0.31852823
200990,2005-04-01,21000.0,2.0,2.0,Strategy,0.0,0.0,RPG,1.0,0.0,0.0,Positive,,single only,41.0,4.0,1.4,11.0,,0.31852823
201000,2006-11-01,21000.0,2.0,2.0,Strategy,0.0,0.0,RPG,1.0,0.0,0.0,Positive,,single only,35.0,3.0,,,,0.6998474
201010,2008-11-01,21000.0,2.0,2.0,Strategy,0.0,0.0,RPG,1.0,0.0,0.0,Very Positive,,single only,95.0,7.0,2.2,22.0,,0.81616867
201070,2012-04-24,0.0,6.0,6.0,Action,0.0,47.0,Action,7.0,0.0,0.0,,,single only,211.0,163.0,,,52.7,0.13962477
201210,2014-10-16,0.0,6.0,6.0,Free to Play,0.0,0.0,Free to Play,1.0,0.0,1.0,Mostly Positive,,single only,497.0,182.0,20.6,275.0,,0.31852823
201230,2011-12-08,0.0,6.0,3.0,Free to Play,0.0,0.0,Free to Play,1.0,0.0,1.0,Mostly Positive,Mostly Positive,,1617.0,444.0,263.3,532.0,,0.8174392
201270,2011-03-15,50000.0,6.0,1.0,Strategy,0.0,106.0,Strategy,8.0,0.0,1.0,Very Positive,Very Positive,single and multi,47388.0,4224.0,,,73.2,0.6193716
201271,2012-03-22,30000.0,6.0,1.0,Strategy,0.0,0.0,Strategy,8.0,0.0,0.0,Mostly Positive,,single and multi,903.0,383.0,,,,0.6193716
201290,2010-02-09,20500.0,2.0,2.0,Indie,0.0,0.0,4X,1.0,0.0,0.0,Mostly Positive,,single and multi,550.0,174.0,17.6,733.0,,0.31852823
201420,2013-07-12,16000.0,6.0,6.0,Adventure,0.0,38.0,Puzzle,10.0,0.0,0.0,Very Positive,,single only,780.0,139.0,,,14.4,0.93755364
201480,2011-10-25,5500.0,3.0,1.0,Action,0.0,0.0,Action,1.0,0.0,0.0,,,single only,368.0,366.0,0.2,38.0,,0.98261833
201490,2011-10-25,11800.0,6.0,2.0,Simulation,0.0,0.0,Simulation,3.0,0.0,1.0,,,single only,86.0,448.0,2.9,329.0,,0.13996238
201510,2011-12-14,43000.0,5.0,6.0,Racing,0.0,45.0,Psychological Horror,1.0,0.0,0.0,,,single only,499.0,2637.0,1.3,47.0,33.5,0.19241813
201570,2012-02-25,5500.0,6.0,5.0,Action,0.0,20.0,Indie,1.0,0.0,0.0,Mostly Positive,,single only,1435.0,460.0,,,19.9,0.37378073
201790,2012-07-31,15500.0,4.0,4.0,Action,0.0,27.0,Tower Defense,9.0,0.0,1.0,Mostly Positive,Very Positive,single and multi,16740.0,1117.0,83.0,15806.0,90.4,0.95983076
201810,2014-05-20,23080.0,6.0,1.0,Action,0.0,50.0,FPS,7.0,0.0,1.0,Very Positive,Very Positive,single only,42366.0,4268.0,392.2,11808.0,94.3,0.8236846
201870,2011-12-01,16500.0,1.0,1.0,Action,0.0,0.0,Action,15.0,0.0,1.0,Very Positive,Very Positive,single only,10561.0,1751.0,132.9,2727.0,,0.91193235
202130,2013-02-15,21000.0,4.0,4.0,Strategy,0.0,48.0,Strategy,2.0,0.0,1.0,,,single only,188.0,232.0,,,67.7,0.17717919
202200,2008-04-30,20500.0,2.0,2.0,Indie,0.0,0.0,4X,1.0,0.0,0.0,Mostly Positive,,single only,1136.0,357.0,30.1,3986.0,,0.9295175
202310,2012-03-30,10500.0,1.0,1.0,Racing,0.0,50.0,Racing,7.0,0.0,1.0,,,single only,768.0,532.0,3.6,336.0,82.6,0.81133986
202410,2012-02-09,5500.0,6.0,6.0,Action,0.0,19.0,Action,1.0,0.0,1.0,Very Positive,,single only,115.0,26.0,0.1,10.0,16.5,0.9434388
202530,2012-01-20,10000.0,1.0,1.0,,0.0,12.0,Platformer,6.0,0.0,0.0,,,single only,1045.0,1433.0,8.9,102.0,77.5,0.050642163
202670,2011-11-03,7500.0,3.0,3.0,Adventure,0.0,0.0,Adventure,1.0,0.0,0.0,Very Positive,,single only,158.0,18.0,4.3,29.0,,0.31852823
202690,2012-03-31,16000.0,5.0,5.0,Indie,0.0,0.0,Strategy,1.0,0.0,0.0,Very Positive,,single only,173.0,7.0,5.2,42.0,,0.31852823
202710,2011-12-15,10500.0,6.0,2.0,Action,0.0,0.0,Real Time Tactics,1.0,0.0,0.0,Mostly Positive,,single and multi,803.0,265.0,7.7,663.0,,0.9525683
202730,2012-05-11,10500.0,6.0,6.0,Action,0.0,13.0,Indie,1.0,0.0,0.0,Very Positive,,single only,361.0,60.0,,,89.1,0.97212195
202750,2012-05-23,9500.0,2.0,2.0,Action,0.0,12.0,Action,10.0,0.0,0.0,Very Positive,,single only,4720.0,1969.0,7.1,738.0,77.6,0.08494076
202860,2011-11-19,5500.0,6.0,2.0,Strategy,0.0,0.0,Strategy,4.0,0.0,0.0,,,single only,48.0,58.0,,,,0.89654326
202970,2012-11-12,54000.0,2.0,6.0,Action,0.0,35.0,Action,5.0,0.0,1.0,Very Positive,Very Positive,single only,33128.0,5485.0,158.4,18202.0,58.5,0.63165224
203140,2012-11-20,23190.0,2.0,2.0,Action,0.0,47.0,Stealth,8.0,0.0,0.0,Very Positive,Very Positive,single only,34800.0,3262.0,207.0,26039.0,86.4,0.95031905
203160,2013-03-05,2200.0,1.0,1.0,Action,0.0,50.0,Adventure,13.0,0.0,1.0,Overwhelmingly Positive,Overwhelmingly Positive,single only,205778.0,8155.0,731.6,89494.0,57.2,0.13641906
203210,2012-02-04,13500.0,5.0,5.0,Action,0.0,47.0,Arena Shooter,1.0,0.0,0.0,Very Positive,,single only,846.0,84.0,1.6,192.0,66.8,0.9303837
203350,2012-10-26,2200.0,2.0,2.0,RPG,0.0,64.0,RPG,4.0,0.0,1.0,Very Positive,,single only,1198.0,254.0,79.9,2198.0,64.7,0.8918419
203510,2012-01-31,21000.0,6.0,6.0,Action,0.0,0.0,Anime,1.0,0.0,0.0,Very Positive,,single only,680.0,113.0,,,,0.6836582
203560,2012-03-03,5500.0,6.0,6.0,Casual,0.0,25.0,Casual,1.0,0.0,0.0,Very Positive,,single only,216.0,55.0,,,95.9,0.6844709
203630,2012-05-09,27000.0,1.0,1.0,Strategy,0.0,0.0,Strategy,5.0,0.0,0.0,Very Positive,,single only,2080.0,327.0,38.3,3403.0,,0.16807196
203650,2012-05-15,10000.0,1.0,1.0,Adventure,0.0,12.0,Adventure,5.0,0.0,0.0,Mostly Positive,,single only,1160.0,365.0,5.4,47.0,72.1,0.4275672
203750,2012-04-27,16000.0,6.0,1.0,Action,0.0,49.0,Action,5.0,0.0,1.0,Mostly Positive,Very Positive,single only,5717.0,985.0,6.9,1077.0,64.6,0.9716908
203770,2012-02-15,0.0,2.0,1.0,Free to Play,0.0,161.0,Grand Strategy,4.0,0.0,1.0,Very Positive,Very Positive,single only,61019.0,6732.0,2482.7,140269.0,15.4,0.6443605
203830,2012-06-23,21000.0,6.0,6.0,Adventure,0.0,36.0,Adventure,6.0,0.0,1.0,Very Positive,Very Positive,single only,1789.0,277.0,6.3,268.0,74.1,0.9787308
203990,2011-12-17,6500.0,4.0,4.0,Action,0.0,40.0,Shoot 'Em Up,2.0,0.0,0.0,Very Positive,,single only,243.0,33.0,,,18.7,0.27819458
204030,2011-12-20,10500.0,1.0,1.0,Action,0.0,0.0,RPG,8.0,0.0,0.0,Very Positive,Very Positive,single only,6302.0,529.0,38.6,2576.0,,0.12945035
204060,2012-04-17,8500.0,4.0,4.0,Adventure,0.0,14.0,Adventure,2.0,0.0,0.0,Mostly Positive,,single only,1910.0,562.0,1.0,257.0,57.8,0.92477715
204100,2012-06-01,22800.0,1.0,1.0,Action,0.0,67.0,Action,10.0,0.0,0.0,Very Positive,Very Positive,single only,35962.0,6227.0,239.0,5582.0,65.5,0.92005974
204120,2012-01-06,21000.0,6.0,1.0,Adventure,0.0,0.0,LEGO,5.0,0.0,0.0,Very Positive,Very Positive,single only,2032.0,245.0,77.8,319.0,,0.31852823
204180,2012-03-21,1000.0,6.0,6.0,Adventure,0.0,65.0,Indie,2.0,0.0,1.0,Very Positive,,single only,1780.0,363.0,1.2,680.0,33.4,0.25010735
204220,2012-08-31,10500.0,6.0,6.0,Adventure,0.0,36.0,Indie,1.0,0.0,1.0,Mostly Positive,,single only,176.0,69.0,,,89.1,0.31852823
204240,2013-02-23,10500.0,6.0,5.0,Adventure,0.0,20.0,Puzzle Platformer,24.0,0.0,0.0,,Very Positive,single only,3461.0,485.0,3.4,970.0,63.5,0.19823828
204300,2012-08-01,0.0,4.0,4.0,Action,0.0,59.0,MOBA,9.0,0.0,1.0,Mostly Positive,Very Positive,single and multi,22345.0,4000.0,136.7,12050.0,61.4,0.94926614
204340,2005-10-11,10500.0,2.0,1.0,Action,0.0,0.0,Action,1.0,0.0,1.0,Very Positive,Very Positive,single and multi,9113.0,1048.0,52.5,761.0,,0.12002173
204360,2012-09-27,15500.0,2.0,2.0,Action,0.0,12.0,Co-op,11.0,0.0,1.0,Overwhelmingly Positive,Overwhelmingly Positive,single and multi,88820.0,3439.0,694.8,15960.0,49.3,0.27402455
204390,2012-02-03,10500.0,6.0,6.0,Action,0.0,0.0,Indie,1.0,0.0,0.0,Very Positive,,single only,96.0,22.0,0.0,19.0,,0.9197078
204440,2012-02-23,10500.0,6.0,6.0,Adventure,0.0,40.0,Casual,1.0,0.0,0.0,Very Positive,,single only,163.0,29.0,1.1,21.0,79.9,0.9675688
204450,2013-05-23,16000.0,2.0,2.0,Action,0.0,26.0,Western,9.0,0.0,0.0,Very Positive,Overwhelmingly Positive,single only,27235.0,1418.0,120.6,11691.0,88.5,0.87741005
204530,2014-03-07,15500.0,6.0,6.0,Action,0.0,36.0,Strategy,1.0,0.0,1.0,Very Positive,,single only,2516.0,164.0,12.6,1252.0,83.4,0.9304943
204560,2012-04-05,10500.0,4.0,4.0,Action,0.0,52.0,RPG,6.0,0.0,0.0,,,single only,88.0,250.0,,,12.4,0.2632521
204580,2012-10-12,5000.0,6.0,2.0,Action,0.0,12.0,Casual,5.0,0.0,0.0,Positive,,single only,32.0,5.0,,,77.6,0.9332527
204630,2014-11-12,16000.0,5.0,5.0,Action,0.0,20.0,Action,5.0,0.0,0.0,Very Positive,,single only,2028.0,268.0,1.3,1035.0,86.0,0.9747946
204760,2012-04-19,32000.0,5.0,6.0,Action,0.0,20.0,Action,5.0,0.0,0.0,,,single only,60.0,156.0,,,22.8,0.5518273
204860,2012-04-13,8500.0,2.0,2.0,Action,0.0,14.0,Strategy,7.0,0.0,0.0,Mostly Positive,,single only,349.0,151.0,8.3,65.0,67.3,0.968895
204880,2012-06-13,41000.0,2.0,2.0,Action,0.0,68.0,Real Time Tactics,8.0,0.0,1.0,Very Positive,Very Positive,single and multi,13236.0,972.0,534.6,91159.0,30.4,0.7123398
204940,2012-02-15,10500.0,2.0,1.0,Strategy,0.0,0.0,Strategy,1.0,0.0,0.0,,,single only,128.0,78.0,2.0,58.0,,0.9045041
205020,2014-12-03,13500.0,6.0,6.0,Adventure,0.0,0.0,Adventure,1.0,0.0,1.0,Very Positive,,single only,1083.0,157.0,1.4,105.0,,0.98197734
205060,2012-10-03,10500.0,5.0,5.0,Action,0.0,21.0,Indie,1.0,0.0,1.0,,,single only,83.0,57.0,0.0,29.0,46.5,0.2305811
205070,2012-12-20,10500.0,5.0,5.0,Action,0.0,16.0,Indie,1.0,0.0,0.0,Mostly Positive,,single only,68.0,21.0,,,50.4,0.31852823
205080,2013-07-12,10500.0,5.0,5.0,Action,0.0,20.0,Indie,1.0,0.0,1.0,,,single only,85.0,45.0,,,50.0,0.0643436
205100,2012-10-10,11530.0,2.0,1.0,Action,0.0,80.0,Stealth,5.0,0.0,1.0,Overwhelmingly Positive,Overwhelmingly Positive,single only,65793.0,1682.0,507.9,19930.0,84.8,0.13641906
205230,2012-10-03,16000.0,6.0,1.0,Action,0.0,12.0,Platformer,5.0,0.0,1.0,Very Positive,,single only,3017.0,504.0,,,76.9,0.977127
205530,2012-05-18,10500.0,4.0,4.0,Indie,0.0,24.0,Strategy,1.0,0.0,1.0,,,single only,52.0,46.0,,,73.0,0.88686
205550,2012-07-10,5500.0,5.0,5.0,Action,0.0,43.0,Action,1.0,0.0,0.0,,,single only,193.0,115.0,0.0,66.0,50.8,0.1803486
205610,2012-05-05,17700.0,2.0,2.0,Action,0.0,64.0,Strategy,6.0,0.0,1.0,Mostly Positive,Mostly Positive,single only,907.0,325.0,44.3,582.0,79.2,0.5912822
205650,2012-09-21,22000.0,2.0,2.0,Adventure,0.0,32.0,Adventure,12.0,0.0,0.0,,Mostly Positive,single only,2334.0,623.0,8.1,655.0,74.6,0.09571132
205690,2012-02-23,5500.0,6.0,6.0,Adventure,0.0,10.0,Puzzle Platformer,1.0,0.0,0.0,Mostly Positive,,single only,250.0,71.0,,,38.4,0.3264379
205710,2012-12-14,0.0,6.0,3.0,Free to Play,0.0,0.0,Free to Play,1.0,0.0,1.0,Mostly Positive,Very Positive,,1333.0,333.0,469.8,974.0,,0.9589175
205730,2012-04-18,16000.0,6.0,1.0,Action,0.0,17.0,Metroidvania,1.0,0.0,0.0,Very Positive,,single only,663.0,94.0,,,42.9,0.5642611
205810,2012-08-25,16000.0,6.0,1.0,RPG,0.0,22.0,Strategy,5.0,0.0,0.0,,,single only,164.0,102.0,5.7,456.0,31.0,0.41795224
205830,2012-03-02,10500.0,6.0,6.0,Action,0.0,33.0,Casual,1.0,0.0,0.0,Very Positive,,single only,271.0,22.0,2.4,40.0,81.6,0.95564663
205840,2012-03-23,5000.0,6.0,2.0,Adventure,0.0,0.0,Adventure,4.0,0.0,0.0,Very Positive,,single only,696.0,143.0,1.7,83.0,,0.6193716
205870,2012-02-29,7500.0,6.0,6.0,Indie,0.0,0.0,Indie,1.0,0.0,0.0,Very Positive,,single only,226.0,49.0,,,,0.9699075
205910,2012-06-20,10500.0,5.0,5.0,Indie,0.0,53.0,Indie,5.0,0.0,0.0,Very Positive,,single only,3681.0,328.0,1.2,2213.0,70.5,0.945783
205950,2012-09-20,8000.0,6.0,1.0,Action,0.0,30.0,Great Soundtrack,4.0,0.0,0.0,Very Positive,Very Positive,single only,5830.0,821.0,15.2,2035.0,87.6,0.8631121
205990,2014-04-10,21000.0,1.0,1.0,Strategy,0.0,74.0,Strategy,3.0,0.0,1.0,,,single only,781.0,345.0,27.5,978.0,75.3,0.19122508
206020,2012-05-12,5500.0,2.0,2.0,RPG,0.0,0.0,RPG,1.0,0.0,0.0,Very Positive,,single only,75.0,14.0,2.3,37.0,,0.9773377
206040,2012-05-12,5500.0,2.0,2.0,RPG,0.0,0.0,RPG,1.0,0.0,0.0,Positive,,single only,26.0,5.0,2.4,12.0,,0.31852823
206060,2012-05-12,5500.0,2.0,2.0,RPG,0.0,0.0,RPG,1.0,0.0,0.0,Very Positive,,single only,55.0,4.0,2.4,24.0,,0.31852823
206190,2013-06-04,10500.0,3.0,3.0,Action,0.0,42.0,Stealth,1.0,0.0,1.0,Very Positive,Overwhelmingly Positive,single only,11832.0,305.0,11.2,2606.0,74.8,0.11350846
206230,2012-10-31,2200.0,6.0,2.0,Action,0.0,48.0,Action,1.0,0.0,1.0,,,single only,44.0,21.0,,,57.2,0.12193897
206250,2012-08-15,10500.0,6.0,2.0,Action,0.0,0.0,RPG,1.0,0.0,0.0,,,single only,98.0,47.0,,,,0.44591346
206370,2012-08-16,10500.0,4.0,4.0,Action,0.0,14.0,Indie,6.0,0.0,0.0,Very Positive,,single only,680.0,67.0,2.8,141.0,66.5,0.6266691
206410,2011-12-06,51000.0,6.0,6.0,Casual,0.0,0.0,Casual,5.0,0.0,1.0,Mostly Positive,,single only,24.0,9.0,0.1,14.0,,0.31852823
206420,2013-08-23,16000.0,1.0,1.0,Action,0.0,73.0,Open World,8.0,0.0,1.0,Very Positive,Very Positive,single only,66214.0,6972.0,327.8,42076.0,90.1,0.18975908
206440,2011-11-01,10500.0,2.0,2.0,Adventure,0.0,0.0,Story Rich,13.0,0.0,1.0,Overwhelmingly Positive,Overwhelmingly Positive,single only,59595.0,2204.0,64.9,601.0,,0.85831934
206480,2012-06-26,0.0,3.0,3.0,Action,0.0,0.0,Free to Play,3.0,0.0,0.0,Mostly Positive,Mostly Positive,,3856.0,1638.0,268.0,1368.0,,0.9306896
206500,2018-03-31,0.0,5.0,5.0,Action,0.0,91.0,Free to Play,14.0,0.0,1.0,Mostly Positive,Very Positive,single and multi,8428.0,1600.0,26.6,2336.0,47.5,0.9239756
206610,2012-03-30,10500.0,6.0,6.0,Casual,0.0,0.0,Casual,12.0,0.0,0.0,,,single only,240.0,345.0,0.7,9465.0,,0.12908098
206690,2012-03-02,5500.0,6.0,6.0,Casual,0.0,25.0,Tower Defense,1.0,0.0,0.0,Very Positive,,single only,468.0,98.0,1.4,351.0,67.3,0.97040486
206760,2012-03-01,10000.0,6.0,4.0,Action,0.0,0.0,Action,3.0,0.0,0.0,,,,152.0,186.0,,,,0.8036078
207000,2013-03-21,10500.0,6.0,4.0,Action,0.0,25.0,Indie,5.0,0.0,1.0,,,single only,100.0,95.0,,,61.3,0.96215665
207020,2012-06-09,10500.0,6.0,4.0,Racing,0.0,12.0,Racing,5.0,0.0,0.0,Very Positive,,single only,438.0,100.0,1.0,26.0,11.5,0.97815055
207040,2012-11-10,10000.0,6.0,4.0,Action,0.0,10.0,Shoot 'Em Up,6.0,0.0,0.0,Very Positive,,single only,757.0,169.0,,,42.6,0.9525331
207080,2012-06-13,10500.0,6.0,6.0,Indie,0.0,7.0,Movie,27.0,0.0,1.0,Overwhelmingly Positive,,single only,1644.0,134.0,,,25.4,0.9038825
207150,2012-04-13,10500.0,6.0,6.0,Action,0.0,0.0,Strategy,4.0,0.0,1.0,,,,214.0,351.0,,,,0.15304866
207170,2012-04-12,16000.0,6.0,6.0,Adventure,0.0,40.0,Dungeon Crawler,1.0,0.0,0.0,Very Positive,Very Positive,single only,5330.0,337.0,23.6,2656.0,64.9,0.9855149
207190,2012-04-26,10500.0,5.0,6.0,Action,0.0,9.0,Racing,5.0,0.0,0.0,,,single only,88.0,73.0,,,29.6,0.8543551
207230,2014-04-25,0.0,6.0,6.0,Action,0.0,77.0,Free to Play,1.0,0.0,0.0,Mostly Positive,,,5677.0,2073.0,1.7,3446.0,88.8,0.979818
207250,2012-03-17,4400.0,6.0,6.0,Indie,0.0,44.0,Tower Defense,1.0,0.0,0.0,Mostly Positive,,single only,353.0,145.0,,,93.5,0.957814
207320,2012-03-20,16000.0,6.0,2.0,Action,0.0,33.0,Action,1.0,0.0,0.0,Very Positive,,single only,1410.0,88.0,11.7,438.0,39.5,0.9724903
207350,2012-06-01,21000.0,6.0,2.0,Action,0.0,46.0,RPG,1.0,0.0,0.0,Very Positive,Very Positive,single only,2584.0,158.0,17.0,634.0,57.7,0.69643134
207370,2012-08-03,3300.0,5.0,5.0,Action,0.0,0.0,Bullet Hell,1.0,0.0,0.0,,,single only,214.0,250.0,0.2,149.0,,0.32414418
207380,2012-08-03,6500.0,5.0,5.0,Action,0.0,0.0,Bullet Hell,2.0,0.0,0.0,Very Positive,,single only,217.0,37.0,0.3,145.0,,0.19685224
207400,2012-08-03,6500.0,5.0,5.0,Action,0.0,0.0,Bullet Hell,2.0,0.0,0.0,Very Positive,,single only,561.0,44.0,1.2,129.0,,0.6845109
207420,2012-03-15,3300.0,4.0,4.0,Action,0.0,20.0,Indie,2.0,0.0,0.0,Mostly Positive,,single only,625.0,261.0,,,37.6,0.65505534
207430,2012-04-06,7500.0,5.0,5.0,Casual,0.0,18.0,Traditional Roguelike,1.0,0.0,0.0,,,single only,362.0,350.0,1.2,295.0,41.2,0.18884996
207490,2012-03-30,11000.0,6.0,1.0,Action,0.0,0.0,Platformer,12.0,0.0,0.0,Very Positive,Very Positive,single only,2897.0,188.0,33.1,870.0,,0.48758343
207530,2012-04-24,5500.0,6.0,6.0,Action,0.0,0.0,Action,1.0,0.0,0.0,Very Positive,,single only,547.0,36.0,0.1,95.0,,0.8836244
207570,2011-11-25,5500.0,6.0,6.0,Indie,0.0,0.0,Puzzle,1.0,0.0,0.0,Very Positive,,single only,313.0,74.0,,,,0.16947734
207610,2012-04-25,15500.0,6.0,3.0,Adventure,0.0,48.0,Zombies,5.0,0.0,1.0,Overwhelmingly Positive,Overwhelmingly Positive,single only,55980.0,1731.0,139.8,12067.0,83.5,0.94149566
207650,2012-08-02,10500.0,5.0,5.0,Action,0.0,47.0,Indie,1.0,0.0,1.0,Mostly Positive,,single only,405.0,317.0,0.4,586.0,57.2,0.1616733
207670,2012-08-24,2200.0,5.0,5.0,Indie,0.0,13.0,Indie,1.0,0.0,0.0,,,single only,31.0,38.0,0.0,41.0,59.5,0.31852823
207690,2012-05-08,10000.0,2.0,2.0,Adventure,0.0,53.0,Casual,10.0,0.0,1.0,Very Positive,Overwhelmingly Positive,single only,4859.0,224.0,7.0,428.0,79.4,0.95424783
207710,2012-03-16,5500.0,6.0,6.0,Casual,0.0,13.0,Indie,1.0,0.0,0.0,,,single only,28.0,16.0,,,7.6,0.31852823
207730,2012-10-13,4400.0,6.0,6.0,Action,0.0,20.0,Strategy,2.0,0.0,0.0,,,single only,129.0,264.0,,,7.4,0.6193716
207750,2012-08-07,5500.0,6.0,6.0,Action,0.0,31.0,Music,1.0,0.0,0.0,Very Positive,,single only,1217.0,223.0,0.9,833.0,85.4,0.8186064
207790,2012-03-09,10500.0,6.0,1.0,Simulation,0.0,0.0,Simulation,5.0,0.0,0.0,,,single only,117.0,240.0,,,,0.2792275
207930,2013-04-17,10500.0,6.0,1.0,Action,0.0,35.0,Action,9.0,0.0,1.0,Mostly Positive,,single only,748.0,338.0,1.2,489.0,76.4,0.8070117
208110,2005-07-19,10500.0,6.0,6.0,Adventure,0.0,0.0,Adventure,8.0,0.0,0.0,,,single only,116.0,70.0,2.1,29.0,,0.31852823
208140,2012-07-05,10500.0,2.0,1.0,Strategy,0.0,93.0,Strategy,7.0,0.0,1.0,Mostly Positive,,single only,7193.0,1763.0,63.1,17310.0,45.4,0.84601104
208200,2012-10-17,21000.0,1.0,1.0,Action,0.0,65.0,FPS,6.0,0.0,0.0,Mostly Positive,Very Positive,single only,7204.0,1179.0,59.9,1069.0,42.0,0.9835621
208400,2012-04-12,10500.0,2.0,2.0,Indie,0.0,35.0,RPG,1.0,0.0,0.0,Very Positive,,single only,947.0,88.0,11.9,190.0,76.6,0.9365068
208460,2012-09-15,16000.0,6.0,6.0,Action,0.0,61.0,Strategy,1.0,0.0,1.0,,,single only,15.0,39.0,,,39.4,0.31852823
208520,2013-03-26,17700.0,4.0,2.0,Simulation,0.0,60.0,Crime,8.0,0.0,1.0,,,single only,1413.0,730.0,15.4,3983.0,73.8,0.9656055
208580,2005-02-08,10500.0,2.0,2.0,RPG,0.0,57.0,RPG,5.0,0.0,0.0,Overwhelmingly Positive,Very Positive,single only,18584.0,1313.0,714.9,6544.0,66.8,0.8797938
208600,2012-01-15,16000.0,6.0,6.0,Indie,0.0,51.0,Simulation,1.0,0.0,0.0,Very Positive,,single only,519.0,114.0,,,68.7,0.04824227
208620,2012-03-29,10500.0,6.0,6.0,Adventure,0.0,14.0,Adventure,1.0,0.0,0.0,Mostly Positive,,single only,80.0,46.0,0.4,20.0,8.6,0.5876936
208630,2012-03-29,10500.0,6.0,6.0,Adventure,0.0,16.0,Adventure,1.0,0.0,0.0,Positive,,single only,84.0,26.0,0.9,18.0,82.0,0.93694466
208640,2012-03-29,10500.0,6.0,6.0,Adventure,0.0,16.0,Adventure,1.0,0.0,0.0,Positive,,single only,72.0,10.0,,,80.4,0.93881893
208650,2015-06-23,21000.0,6.0,1.0,Action,0.0,113.0,Action,9.0,0.0,1.0,Very Positive,Very Positive,single only,73075.0,14330.0,1319.3,25623.0,87.6,0.6193716
208670,2012-04-21,10500.0,3.0,3.0,Action,0.0,35.0,Action,7.0,0.0,1.0,Very Positive,,single only,1701.0,432.0,,,82.3,0.051923007
208710,2012-09-25,10500.0,6.0,6.0,Action,0.0,29.0,Indie,5.0,0.0,0.0,Mostly Positive,,single only,24.0,10.0,,,9.1,0.31852823
208730,2012-06-08,16000.0,4.0,6.0,Action,0.0,50.0,RPG,4.0,0.0,1.0,Mostly Positive,,single only,1565.0,623.0,3.2,961.0,54.2,0.5553651
208750,2015-02-04,16000.0,5.0,5.0,Action,0.0,30.0,Action,1.0,0.0,1.0,Mostly Positive,Very Positive,single only,2914.0,325.0,6.3,718.0,62.0,0.19828364
209000,2013-10-25,21000.0,1.0,1.0,Action,0.0,60.0,Action,9.0,0.0,1.0,Very Positive,Very Positive,single only,34647.0,4786.0,366.1,24938.0,82.0,0.5859198
209060,2014-02-20,16000.0,5.0,5.0,Action,0.0,11.0,Arena Shooter,1.0,0.0,0.0,Very Positive,,single only,545.0,101.0,,,89.2,0.7498759
209080,2012-10-30,5500.0,5.0,5.0,Action,0.0,849.0,Steampunk,1.0,0.0,0.0,Very Positive,,,13219.0,1427.0,5.9,102258.0,58.9,0.40119797
209160,2014-03-26,63000.0,2.0,6.0,Action,0.0,40.0,Dog,5.0,0.0,1.0,Very Positive,,single only,16965.0,10788.0,58.5,12575.0,81.4,0.6193716
209190,2012-11-29,10500.0,2.0,2.0,Action,0.0,27.0,Stealth,1.0,0.0,1.0,Very Positive,,single only,922.0,116.0,,,44.6,0.921098
209230,2010-11-11,11000.0,6.0,2.0,Adventure,0.0,32.0,Adventure,11.0,0.0,0.0,Very Positive,,single only,438.0,69.0,,,75.4,0.64821446
209330,2012-04-25,16000.0,4.0,4.0,Action,0.0,98.0,Action,1.0,0.0,0.0,,,single and multi,284.0,199.0,0.7,290.0,46.5,0.3712647
209360,2012-04-20,5500.0,6.0,6.0,Action,0.0,16.0,Action,3.0,0.0,0.0,Mostly Positive,,single only,54.0,19.0,,,32.9,0.9679954
209370,2012-04-28,10500.0,5.0,5.0,Indie,0.0,14.0,Visual Novel,3.0,0.0,1.0,Very Positive,,single only,2037.0,147.0,,,58.7,0.9780064
209610,2012-06-20,10500.0,6.0,6.0,Casual,0.0,15.0,Simulation,1.0,0.0,0.0,,,single only,62.0,52.0,,,67.8,0.9535428
209630,2013-06-21,22000.0,2.0,2.0,Action,0.0,24.0,Puzzle,9.0,0.0,0.0,Very Positive,,single only,699.0,253.0,1.6,527.0,72.7,0.92598087
209650,2014-11-03,63000.0,2.0,6.0,Action,0.0,45.0,Dog,6.0,0.0,1.0,Mostly Positive,,single only,14770.0,8576.0,53.4,12649.0,75.5,0.98141444
209670,2012-09-29,21000.0,5.0,5.0,Action,0.0,11.0,Strategy,1.0,0.0,0.0,Very Positive,,single only,4152.0,1641.0,10.3,62137.0,55.7,0.64575154
209690,2012-05-25,5500.0,6.0,6.0,Strategy,0.0,93.0,Tower Defense,1.0,0.0,0.0,Mostly Positive,,single only,175.0,101.0,,,86.7,0.56453884
209730,2012-10-12,5000.0,6.0,2.0,Action,0.0,12.0,RPG,7.0,0.0,0.0,,,single and multi,350.0,371.0,1.8,418.0,41.1,0.31944823
209750,2012-08-07,16000.0,6.0,6.0,Action,0.0,0.0,Action,1.0,0.0,0.0,,,single only,78.0,74.0,,,,0.053453922
209790,2012-06-14,10500.0,6.0,6.0,Indie,0.0,16.0,Puzzle,1.0,0.0,1.0,Very Positive,,single only,507.0,65.0,,,93.4,0.15932614
209830,2012-04-24,15500.0,6.0,6.0,Action,0.0,0.0,Horror,1.0,0.0,1.0,Very Positive,,single only,1083.0,178.0,0.4,204.0,,0.25127235
209850,2013-02-20,2200.0,6.0,6.0,Casual,0.0,111.0,Casual,1.0,0.0,1.0,,,single only,38.0,22.0,,,87.0,0.31852823
209950,2012-12-07,10500.0,6.0,6.0,Casual,0.0,10.0,Casual,4.0,0.0,0.0,Very Positive,,single only,682.0,58.0,12.1,503.0,80.9,0.92288065
210170,2012-02-15,4400.0,6.0,6.0,Action,0.0,14.0,Indie,1.0,0.0,0.0,,,single only,165.0,74.0,,,49.4,0.75897217
210230,2012-05-17,20500.0,3.0,3.0,Adventure,0.0,0.0,Adventure,1.0,0.0,1.0,Very Positive,,single only,81.0,9.0,3.6,29.0,,0.31852823
210770,2013-05-16,15500.0,2.0,2.0,Action,0.0,50.0,Tower Defense,6.0,0.0,1.0,Very Positive,Very Positive,single and multi,12458.0,1377.0,36.4,13560.0,76.3,0.97136104
210950,2001-11-18,10500.0,6.0,6.0,Action,0.0,29.0,Action,6.0,0.0,0.0,Very Positive,,single only,696.0,81.0,1.5,28.0,43.9,0.31108502
210970,2016-01-26,43000.0,6.0,6.0,Adventure,0.0,0.0,Puzzle,15.0,0.0,0.0,Very Positive,Very Positive,single only,11976.0,2049.0,163.4,6181.0,,0.44442347
211010,2012-05-18,10500.0,4.0,4.0,Action,0.0,0.0,Action,2.0,0.0,0.0,Very Positive,,single only,372.0,76.0,4.3,1245.0,,0.21632752
211050,2012-08-17,21000.0,6.0,6.0,Casual,0.0,0.0,Strategy,9.0,0.0,1.0,Mostly Positive,,single only,933.0,342.0,50.0,11017.0,,0.8536935
211070,2012-08-17,21000.0,6.0,6.0,Casual,0.0,0.0,Strategy,9.0,0.0,1.0,Mostly Positive,,single only,933.0,342.0,1.4,78.0,,0.31852823
211160,2012-10-18,15000.0,6.0,1.0,Action,0.0,50.0,Action,7.0,0.0,0.0,,,single only,1030.0,1114.0,2.5,790.0,38.2,0.03763935
211180,2012-08-09,10500.0,6.0,6.0,Adventure,0.0,17.0,Indie,14.0,0.0,0.0,Very Positive,,single only,410.0,33.0,0.8,244.0,77.5,0.7983439
211200,2012-05-03,1100.0,6.0,6.0,,0.0,0.0,Action,1.0,0.0,0.0,,,single only,6.0,0.0,,,,0.6193716
211201,2012-05-03,1100.0,6.0,6.0,,0.0,0.0,Platformer,1.0,0.0,0.0,,,single only,8.0,0.0,,,,0.6193716
211202,2012-05-03,1100.0,6.0,6.0,,0.0,0.0,Beat 'em up,1.0,0.0,0.0,,,single only,4.0,0.0,,,,0.6193716
211203,2012-05-03,1100.0,6.0,6.0,,0.0,0.0,JRPG,1.0,0.0,0.0,,,single only,2.0,1.0,,,,0.6193716
211204,2012-05-03,1100.0,6.0,6.0,,0.0,0.0,JRPG,1.0,0.0,0.0,,,single only,2.0,1.0,,,,0.6193716
211205,2012-05-03,1100.0,6.0,6.0,,0.0,0.0,JRPG,1.0,0.0,0.0,,,single only,7.0,0.0,,,,0.6193716
211206,2012-05-03,1100.0,6.0,6.0,Action,0.0,0.0,Action,1.0,0.0,0.0,,,single only,9.0,1.0,,,,0.6193716
211207,2012-05-03,1100.0,6.0,6.0,,0.0,0.0,Ninja,1.0,0.0,0.0,,,single only,4.0,1.0,,,,0.6193716
211208,2012-05-03,1100.0,6.0,6.0,,0.0,0.0,Platformer,1.0,0.0,0.0,,,single only,3.0,0.0,,,,0.6193716
211209,2012-05-03,1100.0,6.0,6.0,,0.0,0.0,Metroidvania,1.0,0.0,0.0,,,single only,6.0,0.0,,,,0.6193716
211260,2012-08-30,10500.0,5.0,5.0,Action,0.0,150.0,Platformer,2.0,0.0,1.0,Very Positive,,single only,2063.0,400.0,1.3,560.0,87.1,0.93817866
211280,2013-01-08,10500.0,6.0,6.0,Action,0.0,29.0,Action,4.0,0.0,0.0,,,single and multi,178.0,124.0,,,84.2,0.8986165
211340,2012-06-01,16000.0,4.0,4.0,Adventure,0.0,26.0,Visual Novel,1.0,0.0,0.0,Very Positive,,single only,870.0,100.0,,,54.3,0.98613906
211360,2012-05-12,8500.0,6.0,6.0,Adventure,0.0,10.0,Indie,1.0,0.0,0.0,Very Positive,,single only,468.0,101.0,0.1,1649.0,44.2,0.36234814
211400,2012-10-26,21000.0,6.0,1.0,Action,0.0,31.0,Zombies,6.0,0.0,0.0,Very Positive,Mostly Positive,single only,9613.0,2553.0,4.3,1663.0,85.6,0.88924813
211440,2012-06-14,5500.0,6.0,6.0,Indie,0.0,13.0,Platformer,1.0,0.0,0.0,Very Positive,,single only,1013.0,165.0,,,57.1,0.07542828
211580,2011-06-14,5500.0,6.0,6.0,Action,0.0,30.0,RPG,1.0,0.0,0.0,,,single and multi,254.0,242.0,0.1,752.0,73.2,0.8728615
211600,1998-11-30,7500.0,6.0,1.0,Action,0.0,0.0,Stealth,1.0,0.0,0.0,Very Positive,Very Positive,single only,2745.0,233.0,20.3,260.0,,0.85632366
211740,2000-03-21,7500.0,6.0,1.0,Action,0.0,0.0,Stealth,1.0,0.0,0.0,Very Positive,Very Positive,single only,1442.0,90.0,13.9,79.0,,0.90311676
211780,2002-09-13,7500.0,6.0,1.0,Action,0.0,0.0,Action,1.0,0.0,0.0,Mostly Positive,Mostly Positive,single only,644.0,227.0,5.0,55.0,,0.67741454
211800,2012-05-17,4400.0,6.0,6.0,Casual,0.0,11.0,Casual,5.0,0.0,0.0,Positive,,single only,97.0,31.0,,,30.4,0.0952439
211820,2016-07-23,16000.0,1.0,1.0,Action,0.0,51.0,Open World Survival Craft,1.0,0.0,1.0,Very Positive,Very Positive,single and multi,145681.0,11278.0,2205.8,88355.0,80.1,0.8439995
211900,2012-10-24,10500.0,6.0,6.0,Indie,0.0,0.0,Strategy,1.0,0.0,0.0,Mostly Positive,,single only,250.0,62.0,1.7,235.0,,0.05299011
211970,2012-12-11,21000.0,6.0,6.0,Racing,0.0,0.0,Racing,5.0,0.0,0.0,,,single only,167.0,121.0,,,,0.060970962
212010,2012-08-22,8500.0,6.0,6.0,Action,0.0,92.0,Space,11.0,0.0,0.0,Very Positive,Mostly Positive,single only,1398.0,452.0,7.7,605.0,98.5,0.60647047
212030,2012-07-25,10500.0,6.0,6.0,Action,0.0,12.0,Action,5.0,0.0,1.0,Mostly Positive,,single only,849.0,231.0,0.7,267.0,88.2,0.12893209
212050,2012-07-26,10500.0,6.0,3.0,Adventure,0.0,38.0,Adventure,1.0,0.0,1.0,Very Positive,,single only,424.0,40.0,1.8,149.0,66.1,0.9606856
212070,2013-02-28,0.0,4.0,3.0,Action,0.0,213.0,Free to Play,11.0,0.0,1.0,,Mostly Positive,,10447.0,3508.0,149.9,4973.0,38.9,0.86373216
212110,2012-11-08,7500.0,5.0,5.0,Action,0.0,20.0,Indie,2.0,0.0,0.0,Mostly Positive,,single only,143.0,53.0,2.9,125.0,50.5,0.19688293
212390,2012-09-14,0.0,5.0,5.0,Action,0.0,0.0,Free to Play,7.0,0.0,0.0,Mostly Positive,,,977.0,375.0,6.2,2811.0,,0.75284207
212480,2013-02-01,20000.0,6.0,1.0,Racing,0.0,50.0,Racing,5.0,0.0,1.0,Very Positive,Very Positive,single only,14055.0,926.0,69.1,5849.0,75.4,0.9481609
212500,2012-06-06,0.0,3.0,3.0,Action,0.0,0.0,Free to Play,3.0,0.0,0.0,Mostly Positive,Very Positive,,12829.0,2964.0,874.4,3744.0,,0.8603282
212630,2012-06-28,16500.0,1.0,1.0,Action,0.0,0.0,Action,11.0,0.0,1.0,Mostly Positive,,single only,3031.0,1467.0,16.9,2230.0,,0.1997307
212680,2012-09-15,10500.0,2.0,2.0,Indie,0.0,51.0,Roguelike,10.0,0.0,1.0,Very Positive,Overwhelmingly Positive,single only,61966.0,2668.0,1239.1,18821.0,33.5,0.6193716
212700,2012-12-14,6500.0,6.0,6.0,Action,0.0,33.0,Action,6.0,0.0,1.0,,,single only,99.0,97.0,0.2,346.0,46.2,0.6790591
212780,2012-09-28,10500.0,6.0,6.0,Indie,0.0,100.0,Sports,10.0,0.0,0.0,,,single only,330.0,163.0,6.0,125.0,73.6,0.97892827
212800,2010-10-22,0.0,3.0,3.0,Action,0.0,0.0,Free to Play,1.0,0.0,0.0,Very Positive,,single only,5844.0,735.0,,,,0.8766522
213030,2012-06-26,2200.0,6.0,6.0,Indie,0.0,0.0,JRPG,1.0,0.0,0.0,Very Positive,,single only,474.0,83.0,,,,0.92685777
213330,2012-06-23,21000.0,6.0,6.0,Action,0.0,0.0,LEGO,10.0,0.0,0.0,Very Positive,Very Positive,single only,3665.0,261.0,92.2,507.0,,0.8807968
213350,2012-07-31,16000.0,6.0,4.0,Action,0.0,0.0,Action,1.0,0.0,0.0,,,single only,77.0,54.0,,,,0.9421928
213390,2012-04-07,0.0,6.0,6.0,Indie,0.0,0.0,Casual,1.0,0.0,0.0,,,single only,10.0,6.0,,,,0.31852823
213610,2012-11-20,10000.0,1.0,1.0,Action,0.0,15.0,Action,5.0,0.0,1.0,Very Positive,Very Positive,single only,12706.0,1856.0,276.5,668.0,79.6,0.8298968
213650,2012-10-19,0.0,6.0,2.0,Casual,0.0,29.0,Free to Play,1.0,0.0,1.0,Very Positive,,single only,1398.0,243.0,,,32.1,0.57187784
213670,2014-03-06,33000.0,2.0,1.0,Action,0.0,50.0,RPG,8.0,0.0,1.0,Overwhelmingly Positive,Overwhelmingly Positive,single only,49390.0,1224.0,245.8,34645.0,73.5,0.09643054
214100,2012-08-08,10500.0,6.0,6.0,Strategy,0.0,7.0,Casual,5.0,0.0,0.0,,,single only,30.0,26.0,0.0,241.0,33.1,0.474693
214130,2012-10-18,20500.0,6.0,6.0,Indie,0.0,33.0,Simulation,2.0,0.0,1.0,,,single only,110.0,54.0,0.8,34.0,92.3,0.31852823
214150,2003-03-23,10500.0,2.0,2.0,Indie,0.0,0.0,4X,1.0,0.0,0.0,,,single only,112.0,127.0,2.4,191.0,,0.7008313
214170,2002-09-20,6500.0,2.0,2.0,RPG,0.0,0.0,RPG,4.0,0.0,0.0,Very Positive,Very Positive,single only,2402.0,320.0,29.7,300.0,,0.08267051
214250,2012-09-07,16500.0,1.0,1.0,Action,0.0,0.0,Survival,5.0,0.0,0.0,,,single only,1629.0,797.0,2.4,1228.0,,0.7096217
214340,2012-08-07,10500.0,2.0,2.0,Adventure,0.0,19.0,Adventure,16.0,0.0,1.0,Very Positive,Very Positive,single only,9327.0,1266.0,37.0,1257.0,80.3,0.9625838
214360,2012-08-15,8500.0,3.0,3.0,Action,0.0,35.0,Tower Defense,3.0,0.0,0.0,Mostly Positive,,single and multi,1242.0,461.0,4.6,1950.0,37.5,0.1406833
214420,2015-01-29,0.0,6.0,6.0,Action,0.0,27.0,Free to Play,11.0,0.0,0.0,Very Positive,Mostly Positive,,6339.0,2181.0,,,45.9,0.8023653
214490,2014-10-07,21500.0,6.0,1.0,Action,0.0,50.0,Horror,9.0,0.0,1.0,Very Positive,Very Positive,single only,44989.0,3453.0,180.4,10761.0,92.7,0.9829873
214510,2012-11-28,21000.0,6.0,1.0,Action,0.0,48.0,LEGO,9.0,0.0,0.0,Very Positive,Very Positive,single only,9113.0,1020.0,160.9,5005.0,74.9,0.95371354
214550,2014-03-12,7500.0,1.0,1.0,Casual,0.0,14.0,Indie,1.0,0.0,0.0,Very Positive,,single only,570.0,134.0,,,34.0,0.97116965
214570,2012-09-28,8500.0,6.0,2.0,Action,0.0,20.0,Shoot 'Em Up,2.0,0.0,1.0,Very Positive,,single only,211.0,62.0,0.2,119.0,17.5,0.86510384
214590,2012-10-18,8500.0,6.0,6.0,Action,0.0,50.0,Anime,2.0,0.0,1.0,Very Positive,,single only,910.0,160.0,0.3,174.0,51.4,0.95463306
214610,2012-11-09,8500.0,5.0,5.0,Adventure,0.0,0.0,Visual Novel,1.0,0.0,0.0,Very Positive,,single only,487.0,84.0,1.2,276.0,,0.78805053
214700,2012-08-21,5500.0,4.0,4.0,Adventure,0.0,0.0,First-Person,1.0,0.0,0.0,,,single only,1030.0,659.0,,,,0.061782688
214730,2013-10-18,16000.0,6.0,2.0,Action,0.0,82.0,Space,2.0,0.0,0.0,Very Positive,Very Positive,single only,5115.0,278.0,205.8,778.0,22.6,0.5431358
214770,2013-08-09,15500.0,4.0,4.0,Action,0.0,60.0,Metroidvania,6.0,0.0,1.0,Very Positive,,single only,5333.0,387.0,6.3,1643.0,78.9,0.91586304
214790,2012-09-01,4400.0,2.0,2.0,Adventure,0.0,53.0,Indie,1.0,0.0,0.0,Very Positive,Very Positive,single only,1070.0,178.0,,,42.1,0.06589967
214830,2012-09-28,10500.0,6.0,6.0,Action,0.0,35.0,RPG,6.0,0.0,1.0,Very Positive,,single only,1225.0,191.0,3.4,993.0,81.7,0.9376142
214870,2012-11-01,20000.0,6.0,4.0,Action,0.0,107.0,Action,10.0,0.0,1.0,Mostly Positive,,single only,2795.0,826.0,7.6,1899.0,56.0,0.82376146
214910,2012-09-22,10500.0,6.0,6.0,Action,0.0,16.0,Action,6.0,0.0,0.0,,,single only,263.0,235.0,1.9,199.0,18.9,0.81616306
214950,2013-09-02,59800.0,6.0,1.0,Strategy,0.0,188.0,Strategy,9.0,0.0,1.0,Very Positive,Very Positive,single and multi,59279.0,13981.0,4479.4,118240.0,84.0,0.9823179
214970,2012-09-12,10000.0,6.0,6.0,Action,0.0,14.0,Action,2.0,0.0,0.0,Very Positive,Very Positive,single only,1332.0,204.0,3.8,317.0,60.1,0.96346486
215080,2014-09-19,0.0,4.0,4.0,Action,0.0,36.0,Free to Play,4.0,0.0,1.0,,Mostly Positive,multi only,6564.0,2172.0,271.3,4046.0,13.2,0.70847684
215160,2012-08-01,20000.0,5.0,1.0,Adventure,0.0,0.0,Adventure,5.0,0.0,1.0,Very Positive,,single only,1727.0,163.0,5.2,332.0,,0.9481653
215280,2017-08-01,0.0,2.0,2.0,Action,0.0,0.0,Massively Multiplayer,3.0,0.0,1.0,,,multi only,5640.0,2787.0,64.5,3740.0,,0.9743521
215390,2012-08-29,43000.0,6.0,6.0,Action,0.0,36.0,Action,5.0,0.0,1.0,,,single only,8.0,8.0,,,75.4,0.31852823
215470,2012-10-30,8500.0,6.0,6.0,Action,0.0,69.0,Dinosaurs,1.0,0.0,1.0,Mostly Positive,,,4490.0,1358.0,,,92.2,0.22490448
215510,2012-10-16,5500.0,6.0,6.0,Adventure,0.0,29.0,Indie,12.0,0.0,0.0,Very Positive,,single and multi,2421.0,633.0,,,62.3,0.9488492
215530,2013-05-23,16000.0,4.0,4.0,Action,0.0,95.0,RPG,10.0,0.0,1.0,Very Positive,Very Positive,single only,7411.0,1515.0,24.2,4210.0,86.0,0.95686495
215550,2016-10-31,10500.0,6.0,6.0,Action,0.0,0.0,Action,1.0,0.0,1.0,,,single and multi,152.0,183.0,,,,0.15274736
215630,2013-10-25,11800.0,2.0,2.0,Action,0.0,49.0,RPG,5.0,0.0,0.0,,,single only,612.0,287.0,,,59.5,0.87480366
215670,2012-06-01,5500.0,6.0,6.0,Adventure,0.0,12.0,Indie,1.0,0.0,0.0,Mostly Positive,,single only,1124.0,550.0,,,7.8,0.23774108
215690,2013-05-01,10500.0,4.0,1.0,Action,0.0,19.0,Action,6.0,0.0,0.0,Very Positive,,single and multi,931.0,278.0,1.6,448.0,36.2,0.88921833
215710,2013-01-11,10500.0,6.0,6.0,Action,0.0,59.0,Tower Defense,1.0,0.0,0.0,Very Positive,,single only,375.0,65.0,7.4,646.0,56.5,0.03899333
215770,2012-09-05,5500.0,5.0,5.0,Action,0.0,30.0,Indie,2.0,0.0,1.0,,,single only,55.0,49.0,27.1,182.0,11.1,0.30747086
215790,2012-09-20,7500.0,6.0,6.0,Casual,0.0,0.0,Simulation,8.0,0.0,0.0,,,single only,325.0,494.0,1.3,10933.0,,0.086553276
215870,2013-03-14,0.0,4.0,2.0,Free to Play,0.0,20.0,Free to Play,2.0,0.0,0.0,,,,163.0,226.0,0.0,368.0,15.5,0.31852823
215930,2004-03-08,7500.0,6.0,6.0,RPG,0.0,0.0,Strategy,5.0,0.0,0.0,Mostly Positive,Mostly Positive,single only,984.0,313.0,55.5,5689.0,,0.7848549
216090,2013-03-15,10500.0,5.0,5.0,Casual,0.0,26.0,Tower Defense,1.0,0.0,0.0,Very Positive,,single only,423.0,47.0,3.4,263.0,58.2,0.16969237
216110,2012-08-25,5500.0,2.0,2.0,Action,0.0,25.0,Action,6.0,0.0,0.0,Very Positive,,single only,916.0,219.0,1.7,104.0,88.2,0.7415782
216130,2012-11-03,10500.0,6.0,6.0,Indie,0.0,30.0,4X,2.0,0.0,0.0,,,single only,40.0,110.0,,,32.1,0.24083912
216210,2012-09-14,10500.0,5.0,5.0,Adventure,0.0,0.0,Adventure,2.0,0.0,0.0,,,single only,87.0,42.0,,,,0.6193716
216260,2014-06-26,20500.0,6.0,6.0,Indie,0.0,35.0,Sports,1.0,0.0,0.0,Very Positive,,single only,605.0,74.0,8.0,278.0,76.6,0.31852823
216290,2012-09-14,5500.0,6.0,6.0,Indie,0.0,18.0,Indie,1.0,0.0,0.0,Very Positive,,single only,213.0,20.0,0.0,100.0,79.7,0.79982567
216670,2012-08-29,7500.0,6.0,6.0,Indie,0.0,0.0,Strategy,1.0,0.0,0.0,Positive,,single only,51.0,4.0,1.2,232.0,,0.86707854
216890,2012-10-12,16000.0,6.0,6.0,Sports,0.0,22.0,Sports,6.0,0.0,0.0,Mostly Positive,,single only,1338.0,318.0,16.3,1917.0,14.0,0.31852823
216910,2012-10-12,16000.0,6.0,6.0,Action,0.0,45.0,RPG,8.0,0.0,0.0,Mostly Positive,,single only,1193.0,442.0,3.3,488.0,48.4,0.9598824
216930,2012-09-04,10500.0,6.0,6.0,Casual,0.0,0.0,Casual,1.0,0.0,0.0,Positive,,single only,41.0,12.0,3.5,18.0,,0.31852823
217100,2013-12-18,4400.0,6.0,6.0,Action,0.0,23.0,Horror,5.0,0.0,0.0,,,single only,495.0,552.0,,,49.0,0.03001836
217120,2015-12-16,10500.0,5.0,5.0,Action,0.0,36.0,Early Access,1.0,0.0,0.0,Very Positive,,single only,76.0,13.0,0.2,7.0,5.9,0.6275008
217140,2013-08-01,16000.0,6.0,5.0,Action,0.0,80.0,FPS,1.0,0.0,1.0,,,single only,1559.0,782.0,8.8,2002.0,76.7,0.10823798
217200,1999-05-31,16000.0,1.0,1.0,Strategy,0.0,0.0,Strategy,9.0,0.0,0.0,Very Positive,Very Positive,single only,7346.0,438.0,148.3,826.0,,0.9241158
217270,2012-12-04,4400.0,2.0,2.0,Action,0.0,12.0,Action,5.0,0.0,0.0,Mostly Positive,,single only,215.0,94.0,0.1,52.0,84.7,0.3427041
217290,2010-03-31,10500.0,5.0,5.0,Action,0.0,51.0,RPG,1.0,0.0,1.0,Very Positive,,single only,178.0,30.0,,,37.0,0.31852823
217690,2013-04-13,11800.0,6.0,2.0,Adventure,0.0,35.0,Horror,8.0,0.0,0.0,,,single only,939.0,570.0,,,51.1,0.10095644
217790,2012-09-22,10500.0,2.0,2.0,Simulation,0.0,22.0,Simulation,6.0,0.0,1.0,Mostly Positive,,single only,680.0,206.0,,,57.4,0.96779966
217920,2013-09-25,21000.0,2.0,2.0,Action,0.0,49.0,Action,9.0,0.0,0.0,,,single only,2146.0,1015.0,2.7,496.0,90.8,0.03511697
218020,2008-03-01,5500.0,2.0,2.0,Strategy,0.0,0.0,RPG,1.0,0.0,0.0,Very Positive,,single only,78.0,10.0,,,,0.31852823
218040,2007-12-01,20500.0,4.0,4.0,Indie,0.0,0.0,Political Sim,1.0,0.0,0.0,,,single only,56.0,50.0,,,,0.31852823
218060,2013-02-27,16000.0,5.0,5.0,Action,0.0,26.0,Rhythm,1.0,0.0,1.0,Very Positive,,single only,2742.0,235.0,2.1,772.0,62.9,0.9551306
218090,2012-10-18,10500.0,5.0,5.0,Indie,0.0,0.0,Strategy,1.0,0.0,1.0,Mostly Positive,,single only,689.0,175.0,7.8,358.0,,0.91320884
218230,2012-11-21,0.0,6.0,3.0,Action,0.0,0.0,Free to Play,7.0,0.0,0.0,Mostly Positive,Very Positive,,54615.0,12071.0,1857.3,29449.0,,0.660953
218410,2012-10-31,15500.0,5.0,5.0,Indie,0.0,30.0,Tower Defense,11.0,0.0,0.0,Overwhelmingly Positive,,single only,3113.0,137.0,7.9,2944.0,68.6,0.96877384
218620,2013-08-13,10500.0,2.0,2.0,Action,0.0,1287.0,Co-op,11.0,0.0,1.0,Very Positive,Very Positive,single and multi,517384.0,62415.0,32574.5,247628.0,86.2,0.7684592
218640,2012-10-27,10500.0,5.0,5.0,Action,0.0,58.0,Horror,9.0,0.0,0.0,Very Positive,Very Positive,single only,7494.0,1776.0,13.7,1477.0,75.9,0.55489016
218660,2012-11-02,6500.0,6.0,6.0,Action,0.0,12.0,Action,1.0,0.0,0.0,Very Positive,,single only,126.0,35.0,0.0,37.0,65.6,0.6193716
218680,2013-02-16,21000.0,1.0,1.0,Adventure,0.0,25.0,Puzzle,7.0,0.0,0.0,Very Positive,Very Positive,single only,9465.0,665.0,42.4,5118.0,73.5,0.9824375
218700,2013-01-08,15000.0,6.0,6.0,Adventure,0.0,0.0,Adventure,1.0,0.0,0.0,Mostly Positive,,single only,92.0,39.0,,,,0.9056212
218740,2012-11-01,20500.0,3.0,3.0,Adventure,0.0,12.0,Indie,5.0,0.0,1.0,Mostly Positive,,single only,2017.0,383.0,0.7,1398.0,80.3,0.9804511
218820,2014-03-26,21000.0,4.0,4.0,Action,0.0,26.0,Action,3.0,0.0,0.0,Mostly Positive,,single only,1660.0,691.0,4.2,832.0,28.6,0.1894835
219070,2012-08-29,5500.0,4.0,4.0,Action,0.0,0.0,Action,1.0,0.0,0.0,,,single only,11.0,20.0,0.0,4.0,,0.31852823
219150,2012-10-24,10500.0,1.0,1.0,Action,0.0,35.0,Great Soundtrack,7.0,0.0,1.0,Overwhelmingly Positive,Overwhelmingly Positive,single only,73290.0,1984.0,222.6,6858.0,80.8,0.9465188
219190,2013-03-19,13500.0,5.0,5.0,Action,0.0,67.0,Indie,1.0,0.0,1.0,Very Positive,,single only,580.0,68.0,,,76.5,0.37254816
219200,2013-01-10,13500.0,5.0,5.0,Action,0.0,35.0,Action,1.0,0.0,0.0,Very Positive,,single only,296.0,65.0,0.4,116.0,72.5,0.97661674
219640,2012-10-17,27000.0,6.0,6.0,Action,0.0,49.0,Medieval,9.0,0.0,1.0,Very Positive,Very Positive,,54705.0,11674.0,98.8,25145.0,30.2,0.44253388
219680,2013-01-31,10500.0,6.0,6.0,Adventure,0.0,0.0,Exploration,1.0,0.0,0.0,Very Positive,,single only,1968.0,659.0,1.4,286.0,,0.9040617
219700,2014-02-04,0.0,4.0,2.0,Free to Play,0.0,10.0,Free to Play,2.0,0.0,0.0,,,,449.0,251.0,,,14.9,0.6367462
219760,2004-04-27,6500.0,2.0,2.0,RPG,0.0,0.0,RPG,5.0,0.0,0.0,,,single only,279.0,253.0,3.8,38.0,,0.047229856
219780,2012-10-30,21000.0,2.0,2.0,RPG,0.0,0.0,RPG,7.0,0.0,0.0,Very Positive,Very Positive,single only,3244.0,615.0,42.0,1237.0,,0.17636606
219830,2013-11-06,0.0,5.0,5.0,Action,0.0,64.0,Multiplayer,3.0,0.0,1.0,Very Positive,Very Positive,single and multi,4129.0,781.0,32.6,1294.0,37.6,0.9719099
219890,2013-02-01,21000.0,6.0,6.0,Adventure,0.0,0.0,Puzzle,1.0,0.0,0.0,Very Positive,Overwhelmingly Positive,single only,14785.0,747.0,18.5,2352.0,,0.40070546
219910,2012-10-17,21000.0,2.0,2.0,Adventure,0.0,29.0,Point & Click,4.0,0.0,1.0,Very Positive,Very Positive,single only,2383.0,284.0,10.5,211.0,37.6,0.6223137
219950,2012-12-18,8000.0,1.0,1.0,Adventure,0.0,13.0,Adventure,5.0,0.0,0.0,Very Positive,Very Positive,single only,1224.0,212.0,3.2,132.0,31.7,0.9810151
219990,2016-02-26,26000.0,3.0,3.0,Action,0.0,185.0,Action RPG,13.0,0.0,1.0,Very Positive,Very Positive,single and multi,71214.0,4953.0,3447.9,61093.0,63.9,0.39359462
220090,2013-01-10,7500.0,5.0,5.0,Adventure,0.0,0.0,Adventure,2.0,0.0,0.0,Very Positive,,single only,1067.0,156.0,0.7,235.0,,0.41020897
220160,2013-03-22,22000.0,6.0,1.0,Action,0.0,0.0,Racing,12.0,0.0,0.0,Mostly Positive,,single only,1589.0,462.0,5.5,4300.0,,0.8753855
220200,2015-04-28,43000.0,2.0,6.0,Indie,0.0,0.0,Space,9.0,0.0,1.0,Overwhelmingly Positive,Overwhelmingly Positive,single only,98908.0,5328.0,2914.9,19079.0,,0.66164696
220240,2012-11-29,22000.0,6.0,1.0,Action,0.0,0.0,Open World,17.0,0.0,0.0,Very Positive,Very Positive,single only,76471.0,8245.0,523.9,23042.0,,0.21016192
220260,2013-10-10,15500.0,2.0,2.0,Casual,0.0,16.0,Simulation,7.0,0.0,1.0,Very Positive,Very Positive,single only,4484.0,398.0,25.4,4589.0,42.1,0.8168415
220420,2012-10-24,20500.0,3.0,3.0,Adventure,0.0,0.0,Adventure,1.0,0.0,1.0,Positive,,single only,39.0,2.0,3.2,22.0,,0.31852823
220440,2013-01-24,28250.0,6.0,1.0,Action,0.0,58.0,Action,9.0,0.0,1.0,Very Positive,Very Positive,single only,22104.0,1531.0,178.4,5731.0,85.4,0.876152
220460,2012-11-02,3300.0,6.0,6.0,Action,0.0,19.0,Action,6.0,0.0,0.0,Very Positive,,single only,711.0,161.0,5.9,207.0,46.0,0.26827902
220660,2013-04-27,31000.0,6.0,6.0,Indie,0.0,0.0,Strategy,5.0,0.0,0.0,,,single only,630.0,799.0,5.9,3091.0,,0.83134115
220740,2012-11-07,21000.0,2.0,2.0,Adventure,0.0,34.0,Adventure,9.0,0.0,1.0,Very Positive,Very Positive,single only,2087.0,202.0,20.7,337.0,73.0,0.13947922
220780,2012-11-13,32000.0,4.0,4.0,Indie,0.0,35.0,Platformer,1.0,0.0,0.0,Very Positive,Very Positive,single only,8205.0,517.0,7.6,1032.0,93.7,0.9727735
220820,2012-10-18,10500.0,4.0,4.0,Action,0.0,103.0,Zombies,6.0,0.0,1.0,Very Positive,,single only,2860.0,587.0,3.3,925.0,75.6,0.9575274
220860,2012-09-26,5000.0,6.0,6.0,Action,0.0,0.0,Point & Click,1.0,0.0,0.0,Very Positive,Very Positive,single only,3139.0,605.0,1.6,2286.0,,0.90966153
220900,2013-05-01,5500.0,4.0,4.0,Action,0.0,27.0,Casual,1.0,0.0,0.0,Positive,,single only,224.0,127.0,0.3,125.0,25.8,0.25738543
221040,2013-03-22,28250.0,1.0,1.0,Action,0.0,70.0,Action,8.0,0.0,1.0,Very Positive,Very Positive,single only,30279.0,7501.0,793.6,11836.0,87.0,0.82791984
221100,2018-12-14,49900.0,2.0,2.0,Action,0.0,13.0,Survival,12.0,1.0,1.0,Very Positive,Mostly Positive,multi only,219154.0,89429.0,29257.9,58240.0,2.8,0.88181686
221180,2014-10-15,16000.0,6.0,6.0,Indie,0.0,20.0,Strategy,1.0,0.0,1.0,Very Positive,,single only,587.0,60.0,7.9,114.0,41.1,0.9231729
221260,2012-11-20,15500.0,3.0,3.0,Adventure,0.0,0.0,Casual,7.0,0.0,1.0,Very Positive,Overwhelmingly Positive,single only,9094.0,545.0,22.5,2060.0,,0.85063136
221540,2014-09-24,6500.0,5.0,5.0,Indie,0.0,65.0,Strategy,11.0,0.0,0.0,Very Positive,Very Positive,single only,2281.0,402.0,35.0,1315.0,87.3,0.9190893
221640,2012-11-28,3300.0,4.0,4.0,Action,0.0,6.0,Difficult,1.0,0.0,0.0,Very Positive,Overwhelmingly Positive,single only,22452.0,743.0,20.8,2650.0,44.5,0.93182814
221680,2016-10-05,11000.0,1.0,1.0,Casual,0.0,47.0,Music,6.0,0.0,1.0,Very Positive,Very Positive,single only,17816.0,1565.0,769.4,4063.0,93.7,0.8402637
221810,2013-01-24,16000.0,2.0,2.0,Adventure,0.0,27.0,Adventure,5.0,0.0,1.0,Very Positive,,single only,2160.0,315.0,6.6,2279.0,46.3,0.91509783
221830,2012-12-06,20000.0,5.0,1.0,Adventure,0.0,34.0,Adventure,2.0,0.0,1.0,Very Positive,,single only,333.0,65.0,,,78.4,0.9237371
221910,2013-10-18,16000.0,6.0,6.0,Adventure,0.0,10.0,Comedy,12.0,0.0,0.0,Very Positive,Very Positive,single only,39043.0,3218.0,61.5,4818.0,80.1,0.84699297
222140,2012-11-10,8500.0,6.0,6.0,Action,0.0,23.0,Indie,5.0,0.0,1.0,Mostly Positive,,single only,338.0,126.0,,,86.3,0.8936417
222160,2012-10-23,5500.0,5.0,6.0,Adventure,0.0,0.0,Adventure,12.0,0.0,0.0,,,single only,311.0,180.0,,,,0.5463201
222180,2015-03-10,3300.0,6.0,6.0,Action,0.0,15.0,Indie,6.0,0.0,0.0,,,single only,25.0,16.0,,,16.8,0.31852823
222420,2014-12-16,16000.0,2.0,2.0,Action,0.0,12.0,Fighting,3.0,0.0,1.0,Very Positive,Very Positive,single only,1946.0,236.0,37.5,609.0,31.4,0.32339847
222440,2015-02-27,16000.0,2.0,2.0,Action,0.0,12.0,Fighting,3.0,0.0,0.0,Very Positive,Very Positive,single and multi,3102.0,170.0,106.5,589.0,28.6,0.9494159
222480,2013-05-20,28250.0,1.0,1.0,Action,0.0,50.0,Action,13.0,0.0,1.0,Very Positive,Very Positive,single only,8818.0,1445.0,123.5,2083.0,76.6,0.58815193
222520,2007-05-24,0.0,5.0,5.0,Free to Play,0.0,0.0,Free to Play,5.0,0.0,0.0,,,,715.0,356.0,25.9,785.0,,0.6193716
222606,2013-10-18,21000.0,2.0,2.0,Simulation,0.0,0.0,Simulation,1.0,0.0,0.0,Positive,,single only,27.0,0.0,,,,0.6193716
222618,2013-12-05,43000.0,2.0,2.0,Simulation,0.0,0.0,Simulation,1.0,0.0,0.0,Mostly Positive,,single only,43.0,11.0,,,,0.6193716
222640,2013-09-13,16500.0,4.0,2.0,Adventure,0.0,29.0,RPG,6.0,0.0,0.0,Mostly Positive,,single only,564.0,197.0,1.1,461.0,60.1,0.8229902
222660,2013-03-21,10500.0,6.0,6.0,Action,0.0,21.0,Indie,5.0,0.0,0.0,Very Positive,,single only,314.0,56.0,,,11.1,0.7367833
222730,2013-05-17,10500.0,4.0,4.0,Indie,0.0,123.0,God Game,9.0,0.0,1.0,Mostly Positive,,single only,4259.0,1173.0,14.2,4178.0,93.0,0.9773339
222750,2013-05-30,21900.0,2.0,2.0,Indie,0.0,0.0,Strategy,8.0,0.0,1.0,Very Positive,,single and multi,3674.0,505.0,41.6,4413.0,,0.67994004
222880,2014-01-23,15500.0,2.0,2.0,Action,0.0,100.0,FPS,11.0,0.0,0.0,Very Positive,Very Positive,,113588.0,10260.0,515.8,121264.0,48.2,0.30874822
222940,2013-09-13,21000.0,2.0,2.0,Action,0.0,46.0,Fighting,9.0,0.0,0.0,Very Positive,Very Positive,single only,7883.0,836.0,116.6,1053.0,45.0,0.9210613
222980,2012-12-08,3300.0,6.0,6.0,Action,0.0,30.0,Zombies,1.0,0.0,0.0,Very Positive,,single only,2062.0,316.0,1.3,286.0,35.6,0.8946661
223000,2012-10-25,10500.0,6.0,6.0,Strategy,0.0,26.0,Casual,1.0,0.0,0.0,Very Positive,,single only,223.0,36.0,2.7,45.0,86.4,0.9501271
223100,2016-05-20,20500.0,1.0,1.0,Action,0.0,74.0,Action,10.0,0.0,1.0,Mostly Positive,,single only,8663.0,6041.0,45.0,4352.0,83.1,0.3838682
223220,2012-10-23,16000.0,4.0,4.0,Action,0.0,25.0,Side Scroller,7.0,0.0,1.0,Very Positive,,single only,1372.0,388.0,,,75.3,0.13833126
223280,2013-03-23,5500.0,6.0,6.0,Indie,0.0,0.0,Indie,4.0,0.0,0.0,Very Positive,,single only,132.0,15.0,1.1,29.0,,0.36659604
223330,2016-02-12,16000.0,6.0,5.0,RPG,0.0,73.0,Pirates,2.0,0.0,1.0,Mostly Positive,,single only,1489.0,486.0,75.4,449.0,44.9,0.45449397
223410,2014-10-18,0.0,6.0,6.0,Indie,0.0,34.0,Massively Multiplayer,6.0,0.0,0.0,Mostly Positive,,,522.0,202.0,5.2,277.0,49.3,0.6193716
223430,2012-11-29,5500.0,4.0,4.0,Action,0.0,12.0,Action,4.0,0.0,0.0,,,single only,124.0,232.0,,,49.3,0.31852823
223450,2013-04-25,16000.0,6.0,6.0,Action,0.0,27.0,Indie,5.0,0.0,0.0,Mostly Positive,,single only,173.0,53.0,,,7.8,0.8689531
223470,2003-04-13,10500.0,2.0,2.0,Action,0.0,89.0,Open World,7.0,0.0,1.0,Overwhelmingly Positive,Overwhelmingly Positive,single only,67860.0,2716.0,473.5,4571.0,64.1,0.73967123
223490,2014-07-04,10500.0,6.0,6.0,Casual,0.0,0.0,Open World Survival Craft,1.0,0.0,0.0,,,single only,413.0,468.0,0.5,84.0,,0.047531754
223510,2012-11-29,16000.0,6.0,6.0,Action,0.0,27.0,Survival,1.0,0.0,0.0,Mostly Positive,,single only,860.0,261.0,,,47.2,0.6233703
223710,2013-04-26,0.0,6.0,6.0,Action,0.0,0.0,Horror,7.0,0.0,0.0,Very Positive,Very Positive,single only,35042.0,5642.0,165.4,3052.0,,0.21631977
223730,2012-11-10,12000.0,4.0,4.0,Action,0.0,19.0,Platformer,5.0,0.0,1.0,Very Positive,,single only,415.0,67.0,0.2,107.0,25.2,0.17720973
223750,2018-03-18,0.0,4.0,6.0,Free to Play,0.0,0.0,Simulation,7.0,0.0,1.0,Very Positive,Very Positive,single and multi,19291.0,3388.0,1494.0,3328.0,,0.06375033
223810,2013-02-15,16000.0,6.0,2.0,Action,0.0,17.0,JRPG,1.0,0.0,0.0,Very Positive,Very Positive,single only,1779.0,215.0,7.9,544.0,32.0,0.8667835
223830,2014-06-17,27000.0,5.0,5.0,Indie,0.0,0.0,Turn-Based Strategy,1.0,0.0,0.0,Mostly Positive,Very Positive,single only,3529.0,478.0,113.8,1601.0,,0.45193055
224000,2018-11-27,0.0,5.0,5.0,Free to Play,0.0,6.0,Free to Play,1.0,0.0,0.0,Mostly Positive,,single only,392.0,127.0,0.0,192.0,95.9,0.938383
224040,2014-02-15,10500.0,1.0,1.0,Action,0.0,20.0,Action,9.0,0.0,0.0,Very Positive,,single only,241.0,64.0,,,78.4,0.07047534
224260,2011-10-31,0.0,6.0,6.0,Action,0.0,112.0,Free to Play,17.0,0.0,1.0,Very Positive,Very Positive,,58512.0,6695.0,467.6,10869.0,41.3,0.91130185
224300,2003-12-17,7500.0,1.0,1.0,Action,0.0,0.0,Action,1.0,0.0,0.0,Very Positive,,single only,740.0,119.0,3.6,52.0,,0.043023884
224460,2013-11-16,10500.0,6.0,6.0,Adventure,0.0,22.0,Indie,6.0,0.0,1.0,Very Positive,,single only,4633.0,479.0,1.4,518.0,87.6,0.96157753
224480,2014-01-30,15400.0,5.0,5.0,Action,0.0,32.0,Comedy,12.0,0.0,1.0,Very Positive,Very Positive,single only,8167.0,573.0,25.5,1810.0,48.4,0.9848249
224500,2016-02-24,16000.0,6.0,6.0,Indie,0.0,0.0,Colony Sim,1.0,0.0,0.0,Mostly Positive,,single only,2656.0,775.0,17.6,2040.0,,0.6193716
224760,2013-05-02,10500.0,6.0,6.0,Indie,0.0,12.0,Platformer,9.0,0.0,1.0,Very Positive,Very Positive,single only,12465.0,1014.0,23.1,2526.0,81.2,0.26817453
224820,2013-02-19,7500.0,6.0,2.0,Action,0.0,46.0,Action Roguelike,1.0,0.0,1.0,Overwhelmingly Positive,,single only,1514.0,66.0,4.3,282.0,75.8,0.84355867
224900,2012-12-14,21000.0,6.0,6.0,Action,0.0,30.0,Simulation,7.0,0.0,1.0,,,single only,614.0,440.0,5.8,6041.0,9.2,0.6193716
224940,2001-11-20,7500.0,1.0,1.0,Action,0.0,0.0,Adventure,1.0,0.0,0.0,,,single only,537.0,255.0,2.7,42.0,,0.29154179
224960,2012-11-29,7500.0,6.0,1.0,Action,0.0,0.0,Adventure,1.0,0.0,0.0,Very Positive,Very Positive,single only,3280.0,575.0,20.8,199.0,,0.5802549
224980,2012-11-29,7500.0,6.0,1.0,Action,0.0,0.0,Adventure,1.0,0.0,0.0,Very Positive,Very Positive,single only,890.0,134.0,15.5,85.0,,0.9196377
225000,2012-11-29,7500.0,6.0,1.0,Action,0.0,0.0,Adventure,1.0,0.0,0.0,Mostly Positive,,single only,486.0,174.0,6.3,45.0,,0.9362762
225020,2012-11-29,7500.0,6.0,1.0,Action,0.0,0.0,Action,1.0,0.0,0.0,,,single only,712.0,485.0,6.8,52.0,,0.071739584
225080,2013-09-04,16000.0,6.0,2.0,Action,0.0,12.0,Adventure,9.0,0.0,0.0,Very Positive,Very Positive,single only,36772.0,2083.0,20.5,2019.0,34.7,0.98431957
225160,1997-05-13,10500.0,5.0,1.0,Action,0.0,20.0,FPS,1.0,0.0,0.0,Mostly Positive,Very Positive,single only,2632.0,275.0,6.8,283.0,52.4,0.12212899
225260,2013-02-27,16000.0,2.0,2.0,Action,0.0,59.0,Action,5.0,0.0,1.0,Very Positive,Very Positive,single only,15636.0,1166.0,45.6,7129.0,66.8,0.59196854
225280,2014-05-09,14000.0,5.0,5.0,Action,0.0,25.0,Action Roguelike,11.0,0.0,0.0,Very Positive,,single only,1032.0,187.0,0.6,462.0,35.6,0.646917
225300,2012-11-29,7500.0,6.0,1.0,Action,0.0,0.0,Adventure,1.0,0.0,0.0,Very Positive,Very Positive,single only,1623.0,245.0,23.2,135.0,,0.1391556
225320,2012-11-29,7500.0,6.0,1.0,Action,0.0,0.0,Adventure,1.0,0.0,0.0,Very Positive,Very Positive,single only,1005.0,189.0,17.4,107.0,,0.17692924
225360,2013-07-04,11800.0,2.0,2.0,Action,0.0,31.0,Stealth,4.0,0.0,1.0,,,single only,647.0,586.0,1.4,458.0,69.9,0.8365097
225420,2013-04-03,21000.0,1.0,1.0,Simulation,0.0,51.0,Simulation,2.0,0.0,1.0,,,single only,1352.0,1019.0,20.8,1736.0,56.2,0.45078576
225540,2015-12-01,21500.0,2.0,1.0,Action,0.0,66.0,Open World,10.0,0.0,1.0,Very Positive,Very Positive,single only,84154.0,18264.0,1171.2,23459.0,81.9,0.77485853
225600,2014-05-07,0.0,5.0,5.0,Action,0.0,26.0,Action,20.0,0.0,1.0,,,,3115.0,1619.0,1.5,3114.0,21.1,0.26442492
225640,2012-12-22,16000.0,6.0,1.0,RPG,0.0,0.0,RPG,5.0,0.0,0.0,Very Positive,Mostly Positive,single only,2072.0,695.0,64.9,1138.0,,0.97705853
225840,1999-01-19,0.0,6.0,6.0,Action,0.0,0.0,FPS,1.0,0.0,0.0,Overwhelmingly Positive,Very Positive,single and multi,23042.0,1649.0,334.4,6510.0,,0.63298935
226100,2015-08-04,32000.0,5.0,5.0,Action,0.0,32.0,Indie,6.0,0.0,1.0,Mostly Positive,,single only,705.0,231.0,5.1,336.0,53.9,0.88426715
226120,2013-03-20,5500.0,6.0,6.0,Adventure,0.0,0.0,Indie,1.0,0.0,0.0,Mostly Positive,,single only,370.0,204.0,0.8,204.0,,0.05811128
226280,2021-09-29,15500.0,5.0,5.0,Adventure,0.0,69.0,Adventure,4.0,0.0,1.0,Positive,,single only,32.0,2.0,0.6,6.0,74.4,0.31852823
226560,2014-11-21,16000.0,2.0,1.0,Adventure,0.0,60.0,Zombies,8.0,0.0,0.0,Very Positive,,single only,734.0,460.0,4.3,183.0,72.3,0.1135605
226620,2013-11-08,15000.0,6.0,6.0,Adventure,0.0,35.0,Roguelike,2.0,0.0,1.0,Very Positive,,single only,1239.0,132.0,12.2,1528.0,79.0,0.96640813
226720,2013-08-26,23540.0,6.0,1.0,Action,0.0,50.0,Action,9.0,0.0,1.0,Very Positive,,single only,2011.0,1214.0,8.0,894.0,65.1,0.06193152
226740,2013-03-19,10500.0,5.0,5.0,Adventure,0.0,14.0,Casual,1.0,0.0,0.0,Mostly Positive,,single only,920.0,257.0,1.1,526.0,48.0,0.96066177
226780,2013-03-16,10500.0,1.0,1.0,Racing,0.0,50.0,Motocross,5.0,0.0,0.0,,,single only,66.0,50.0,,,98.6,0.31852823
226820,2013-05-15,20500.0,3.0,3.0,Adventure,0.0,12.0,Adventure,1.0,0.0,1.0,Very Positive,,single only,166.0,14.0,4.6,47.0,76.3,0.31852823
226840,2014-04-01,32000.0,4.0,1.0,RPG,0.0,74.0,Strategy,5.0,0.0,1.0,Very Positive,Very Positive,single only,9010.0,2215.0,363.6,18477.0,63.6,0.8861699
226860,2015-05-15,41000.0,2.0,2.0,Indie,0.0,102.0,Aliens,4.0,0.0,1.0,,Mostly Positive,single and multi,7581.0,2315.0,242.5,6225.0,78.4,0.7937659
226960,2013-09-19,15500.0,2.0,2.0,Casual,0.0,0.0,Deckbuilding,1.0,0.0,0.0,Mostly Positive,,single only,416.0,186.0,,,,0.25254965
227000,2012-12-06,10500.0,5.0,3.0,Adventure,0.0,29.0,Point & Click,5.0,0.0,1.0,Very Positive,Overwhelmingly Positive,single only,2774.0,81.0,3.7,178.0,62.2,0.9091755
227020,2013-09-28,23600.0,6.0,6.0,Simulation,0.0,56.0,Strategy,10.0,0.0,1.0,,,single only,268.0,189.0,8.0,587.0,62.4,0.9691179
227060,2014-05-16,21000.0,5.0,5.0,Indie,0.0,53.0,Strategy,6.0,0.0,1.0,,,single only,261.0,172.0,2.8,245.0,67.4,0.9438739
227080,2013-04-19,16000.0,6.0,6.0,Adventure,0.0,10.0,3D Platformer,6.0,0.0,1.0,Very Positive,,single only,2563.0,177.0,0.8,239.0,72.4,0.55939066
227100,2013-03-01,16000.0,2.0,2.0,Action,0.0,26.0,Zombies,7.0,0.0,0.0,Very Positive,Very Positive,single only,3759.0,512.0,8.7,3168.0,78.0,0.9516101
227160,2014-11-22,21000.0,6.0,6.0,Action,0.0,0.0,Space,1.0,0.0,0.0,,,single only,276.0,1248.0,0.1,651.0,,0.1350523
227200,2012-12-14,10500.0,6.0,6.0,Action,0.0,17.0,Sci-fi,1.0,0.0,1.0,Very Positive,,single only,1000.0,127.0,,,46.8,0.9663281
227220,2013-04-06,0.0,5.0,5.0,Action,0.0,33.0,Strategy,2.0,0.0,0.0,Very Positive,,single only,1617.0,228.0,1.6,493.0,59.4,0.10397139
