,appid,releaseDate,price,developer tier,publisher tier,genre,early access,achievement,tag,languages,steam award,DLC,recent positive,all positive,single or multi,positive review,negative review,recent player,peek player,most achieved rate
0,105600,2011-05-16,10500.0,2.0,2.0,Action,0.0,104.0,Open World Survival Craft,9.0,1.0,1.0,Overwhelmingly Positive,Overwhelmingly Positive,single and multi,954769.0,20730.0,31842.8,486918.0,85.9
1,105700,2011-07-19,1100.0,6.0,6.0,Action,0.0,13.0,Indie,1.0,0.0,0.0,Mostly Positive,,single only,78.0,51.0,,,8.2
2,105800,2012-02-03,32000.0,5.0,5.0,Action,0.0,61.0,Indie,10.0,0.0,1.0,Very Positive,,single only,596.0,150.0,,,79.8
3,106000,,,,,,,,,,,,,,,,,,,
4,107100,2011-08-17,15500.0,2.0,2.0,Action,0.0,24.0,Great Soundtrack,6.0,0.0,1.0,Very Positive,Overwhelmingly Positive,single only,33399.0,1533.0,36.1,4063.0,83.9
5,107200,2011-08-16,10500.0,6.0,6.0,Action,0.0,48.0,Space,1.0,0.0,0.0,Very Positive,,single only,2654.0,249.0,16.3,3595.0,53.8
6,107300,2011-07-14,3300.0,6.0,6.0,RPG,0.0,0.0,JRPG,1.0,0.0,0.0,Very Positive,,single only,1110.0,212.0,,,
7,107310,2011-07-14,3300.0,6.0,6.0,Indie,0.0,0.0,JRPG,1.0,0.0,0.0,Very Positive,,single only,3045.0,260.0,4.6,488.0,
8,107410,2013-09-12,36000.0,2.0,2.0,Action,0.0,120.0,Action,14.0,0.0,1.0,Very Positive,,single and multi,203543.0,21687.0,12113.2,56185.0,92.6
9,107600,2011-11-17,5500.0,5.0,5.0,Action,0.0,54.0,Bullet Hell,1.0,0.0,1.0,Overwhelmingly Positive,,single only,1020.0,61.0,,,67.7
10,108110,2012-02-17,14500.0,5.0,5.0,RPG,0.0,0.0,RPG,2.0,0.0,1.0,,,single only,45.0,92.0,,,
11,108200,2012-05-25,10500.0,2.0,2.0,Casual,0.0,83.0,Board Game,5.0,0.0,1.0,Very Positive,Very Positive,single only,3921.0,416.0,320.3,2115.0,35.8
12,108210,2011-10-13,0.0,2.0,2.0,Casual,0.0,62.0,Strategy,2.0,0.0,0.0,,,single only,348.0,191.0,8.1,57.0,18.4
13,108500,2012-03-02,9500.0,5.0,6.0,Action,0.0,20.0,Puzzle,5.0,0.0,0.0,Very Positive,,single only,630.0,82.0,,,33.9
14,108600,2013-11-08,20500.0,6.0,6.0,Indie,0.0,0.0,Survival,17.0,0.0,0.0,Very Positive,Very Positive,single and multi,96041.0,8089.0,15930.9,65379.0,
15,108700,2012-08-04,10500.0,2.0,2.0,Action,0.0,87.0,Racing,1.0,0.0,0.0,Mostly Positive,,single only,487.0,199.0,,,48.9
16,108710,2012-02-17,15500.0,2.0,2.0,Action,0.0,67.0,Action,11.0,0.0,1.0,Very Positive,Very Positive,single only,33345.0,3329.0,66.9,6612.0,83.3
17,108800,2011-03-23,33000.0,1.0,1.0,Action,0.0,0.0,Action,11.0,0.0,0.0,Very Positive,Very Positive,single only,10661.0,1912.0,48.7,3885.0,
18,109200,2011-07-27,10500.0,6.0,6.0,Casual,0.0,0.0,Indie,1.0,0.0,0.0,Mostly Positive,,single only,89.0,27.0,,,
19,109500,2012-03-22,5500.0,6.0,6.0,Action,0.0,0.0,Action,1.0,0.0,0.0,,,single only,106.0,74.0,,,
20,109600,2013-12-06,0.0,2.0,6.0,Action,0.0,0.0,Free to Play,5.0,0.0,0.0,Mostly Positive,Mostly Positive,single and multi,26879.0,7781.0,901.9,14822.0,
21,109700,2011-08-30,21000.0,6.0,6.0,Indie,0.0,18.0,Strategy,1.0,0.0,0.0,,,single only,65.0,36.0,,,3.8
22,110400,2011-11-01,10500.0,6.0,6.0,Indie,0.0,37.0,Racing,1.0,0.0,0.0,Very Positive,,single only,127.0,48.0,,,11.7
23,110500,2011-10-25,0.0,6.0,6.0,Action,0.0,21.0,Action,1.0,0.0,0.0,,,single only,62.0,31.0,,,69.2
24,110600,2011-09-16,5500.0,6.0,6.0,Action,0.0,8.0,Indie,5.0,0.0,0.0,Mostly Positive,,single only,33.0,28.0,,,56.4
25,110610,2011-10-19,5500.0,6.0,6.0,Action,0.0,13.0,Action,5.0,0.0,0.0,Positive,,single only,52.0,19.0,0.0,6.0,89.9
26,110630,2012-03-22,5500.0,6.0,6.0,Action,0.0,12.0,Indie,5.0,0.0,0.0,Mostly Positive,,single only,33.0,15.0,0.0,7.0,75.1
27,110800,2011-11-09,22800.0,6.0,1.0,Adventure,0.0,60.0,Detective,6.0,0.0,0.0,Very Positive,Very Positive,single only,23345.0,4057.0,229.2,3541.0,68.4
28,111000,2011-08-11,7500.0,6.0,6.0,Indie,0.0,0.0,Casual,10.0,0.0,0.0,,,single only,46.0,37.0,,,
29,111010,2011-09-24,10500.0,6.0,6.0,Adventure,0.0,0.0,Adventure,8.0,0.0,0.0,,,single only,46.0,27.0,,,
30,111100,2012-02-04,5500.0,4.0,4.0,Casual,0.0,11.0,Casual,1.0,0.0,0.0,Very Positive,,single only,372.0,84.0,0.0,122.0,46.8
31,111300,2011-10-19,10500.0,6.0,6.0,Action,0.0,12.0,Racing,2.0,0.0,0.0,,,single only,27.0,13.0,,,27.6
32,111400,2011-09-22,5500.0,5.0,5.0,Action,0.0,57.0,Action,4.0,0.0,1.0,,,single only,201.0,219.0,0.0,97.0,60.6
33,111600,2011-08-31,10500.0,5.0,1.0,Action,0.0,30.0,Action,5.0,0.0,0.0,Very Positive,,single and multi,632.0,120.0,0.8,63.0,46.2
34,111800,2011-08-20,5500.0,5.0,6.0,Casual,0.0,32.0,Indie,2.0,0.0,0.0,Very Positive,,single only,585.0,171.0,,,76.8
35,112100,2011-08-18,10500.0,2.0,2.0,RPG,0.0,30.0,RPG,1.0,0.0,0.0,Very Positive,,single only,436.0,95.0,3.8,94.0,40.3
36,113020,2013-04-25,21000.0,4.0,2.0,Action,0.0,13.0,Co-op,3.0,0.0,1.0,Very Positive,,single and multi,7636.0,782.0,14.3,38410.0,35.8
37,113200,2011-09-29,5500.0,2.0,2.0,Action,0.0,99.0,Action Roguelike,1.0,0.0,1.0,Very Positive,Overwhelmingly Positive,single only,51686.0,2485.0,225.6,12295.0,70.1
38,113400,2011-12-07,0.0,6.0,6.0,Action,0.0,60.0,Free to Play,1.0,0.0,0.0,,,,22763.0,13020.0,180.3,5592.0,9.1
39,113420,2011-10-12,0.0,6.0,6.0,Free to Play,0.0,650.0,Free to Play,1.0,0.0,0.0,Very Positive,,multi only,4280.0,3044.0,116.9,1052.0,37.7
40,115100,2011-10-15,10500.0,2.0,2.0,Adventure,0.0,21.0,RPG,5.0,0.0,0.0,Very Positive,,single only,3246.0,237.0,5.2,742.0,64.3
41,115110,2012-03-07,10500.0,2.0,2.0,Adventure,0.0,21.0,Adventure,5.0,0.0,0.0,Very Positive,,single only,1447.0,175.0,2.5,660.0,55.6
42,115120,2012-08-14,16000.0,2.0,2.0,Action,0.0,23.0,Action,6.0,0.0,0.0,Very Positive,,single and multi,811.0,150.0,6.5,702.0,63.5
43,115200,2005-04-26,5900.0,2.0,2.0,Strategy,0.0,0.0,Strategy,4.0,0.0,0.0,,,single only,268.0,230.0,10.1,52.0,
44,115210,2003-02-07,5700.0,2.0,2.0,Strategy,0.0,0.0,Strategy,1.0,0.0,0.0,,,single only,319.0,157.0,11.8,59.0,
45,115220,2003-09-30,5700.0,2.0,2.0,Strategy,0.0,0.0,Strategy,1.0,0.0,0.0,,,single only,306.0,138.0,13.5,55.0,
46,115300,2011-11-08,21500.0,2.0,6.0,Action,0.0,76.0,Action,5.0,0.0,1.0,Overwhelmingly Positive,Very Positive,single only,27401.0,3892.0,1.3,14.0,85.1
47,115320,,,,,,,,,,,,,,,,,,,
48,115800,2016-11-02,27000.0,4.0,4.0,Action,0.0,12.0,Pixel Graphics,13.0,0.0,1.0,Very Positive,Very Positive,single only,4428.0,787.0,10.8,1287.0,30.0
49,116100,2014-06-06,10500.0,6.0,6.0,Indie,0.0,26.0,Racing,2.0,0.0,0.0,,,single only,218.0,161.0,,,37.9
50,116120,2011-10-20,5500.0,6.0,6.0,Action,0.0,18.0,Indie,1.0,0.0,0.0,Very Positive,,single only,134.0,31.0,1.1,8.0,82.9
51,200010,2012-06-22,9500.0,6.0,1.0,Casual,0.0,25.0,Puzzle Platformer,6.0,0.0,1.0,Very Positive,,single only,1591.0,290.0,4.0,842.0,91.9
52,200020,2011-10-27,5500.0,6.0,6.0,Action,0.0,24.0,Action,6.0,0.0,0.0,,,single only,146.0,217.0,,,75.2
53,200080,2010-10-19,7500.0,3.0,3.0,Adventure,0.0,0.0,Adventure,1.0,0.0,0.0,Mostly Positive,,single only,205.0,55.0,9.3,59.0,
54,200130,2011-10-25,5500.0,6.0,6.0,Casual,0.0,17.0,Casual,1.0,0.0,0.0,Mostly Positive,,single only,168.0,49.0,0.9,40.0,35.3
55,200150,2015-12-12,32000.0,6.0,4.0,Casual,0.0,67.0,Strategy,1.0,0.0,0.0,,,single only,157.0,147.0,,,68.1
56,200170,2012-10-11,27000.0,1.0,1.0,Strategy,0.0,34.0,Strategy,8.0,0.0,1.0,Very Positive,Very Positive,single only,6643.0,1017.0,58.1,7770.0,69.0
57,200190,2011-11-16,10500.0,6.0,6.0,Adventure,0.0,10.0,Adventure,5.0,0.0,0.0,,,single and multi,69.0,49.0,,,60.9
58,200210,2012-02-21,0.0,6.0,5.0,Action,0.0,31.0,Action Roguelike,1.0,0.0,1.0,Mostly Positive,Very Positive,multi only,35054.0,6687.0,1284.5,6072.0,64.0
59,200230,2011-09-30,5500.0,2.0,2.0,Racing,0.0,0.0,Simulation,7.0,0.0,0.0,,,single only,375.0,218.0,1.3,44.0,
60,200260,2012-09-08,21000.0,6.0,1.0,Action,0.0,64.0,Action,8.0,0.0,0.0,Overwhelmingly Positive,Overwhelmingly Positive,single only,44553.0,1908.0,534.8,6822.0,84.7
61,200370,2012-10-24,10500.0,6.0,1.0,Casual,0.0,27.0,Strategy,2.0,0.0,1.0,,,single only,324.0,186.0,2.5,1623.0,73.4
62,200390,2012-01-26,0.0,6.0,6.0,Indie,0.0,40.0,Strategy,3.0,0.0,1.0,,,single only,225.0,200.0,,,66.5
63,200410,2012-01-26,8500.0,5.0,5.0,Action,0.0,53.0,Indie,1.0,0.0,0.0,,,single only,54.0,51.0,,,69.5
64,200490,2012-11-10,12900.0,2.0,2.0,Adventure,0.0,0.0,Adventure,4.0,0.0,0.0,,,single only,108.0,58.0,,,
65,200510,2012-10-12,32000.0,2.0,1.0,Strategy,0.0,85.0,Turn-Based Strategy,10.0,0.0,1.0,Very Positive,Very Positive,single only,46983.0,2768.0,679.4,70560.0,87.5
66,200550,2011-09-28,11800.0,2.0,2.0,RPG,0.0,27.0,Strategy,3.0,0.0,0.0,,,single only,95.0,152.0,1.3,184.0,23.5
67,200670,2011-10-12,11800.0,6.0,2.0,Strategy,0.0,0.0,Strategy,2.0,0.0,0.0,,,single only,83.0,166.0,2.0,69.0,
68,200710,2012-09-21,16000.0,2.0,2.0,Action,0.0,119.0,RPG,7.0,0.0,0.0,Very Positive,Very Positive,single only,38048.0,2794.0,394.9,54010.0,82.9
69,200900,2011-11-23,16000.0,3.0,3.0,Action,0.0,75.0,Platformer,1.0,0.0,0.0,Mostly Positive,Very Positive,single only,6331.0,442.0,12.2,924.0,87.7
70,200910,2011-10-21,5500.0,6.0,6.0,Indie,0.0,21.0,Rhythm,1.0,0.0,0.0,Very Positive,,single only,1184.0,183.0,,,82.9
71,200960,2001-12-01,21000.0,2.0,2.0,Strategy,0.0,0.0,RPG,1.0,0.0,0.0,Very Positive,,single only,334.0,25.0,2.8,75.0,
72,200980,2003-07-01,21000.0,2.0,2.0,Strategy,0.0,0.0,RPG,1.0,0.0,0.0,Very Positive,,single only,62.0,5.0,2.4,13.0,
73,200990,2005-04-01,21000.0,2.0,2.0,Strategy,0.0,0.0,RPG,1.0,0.0,0.0,Positive,,single only,41.0,4.0,1.4,11.0,
74,201000,2006-11-01,21000.0,2.0,2.0,Strategy,0.0,0.0,RPG,1.0,0.0,0.0,Positive,,single only,35.0,3.0,,,
75,201010,2008-11-01,21000.0,2.0,2.0,Strategy,0.0,0.0,RPG,1.0,0.0,0.0,Very Positive,,single only,95.0,7.0,2.2,22.0,
76,201070,2012-04-24,0.0,6.0,6.0,Action,0.0,47.0,Action,7.0,0.0,0.0,,,single only,211.0,163.0,,,52.7
77,201210,2014-10-16,0.0,6.0,6.0,Free to Play,0.0,0.0,Free to Play,1.0,0.0,1.0,Mostly Positive,,single only,497.0,182.0,20.6,275.0,
78,201230,2011-12-08,0.0,6.0,3.0,Free to Play,0.0,0.0,Free to Play,1.0,0.0,1.0,Mostly Positive,Mostly Positive,,1617.0,444.0,263.3,532.0,
79,201270,2011-03-15,50000.0,6.0,1.0,Strategy,0.0,106.0,Strategy,8.0,0.0,1.0,Very Positive,Very Positive,single and multi,47388.0,4224.0,,,73.2
80,201271,2012-03-22,30000.0,6.0,1.0,Strategy,0.0,0.0,Strategy,8.0,0.0,0.0,Mostly Positive,,single and multi,903.0,383.0,,,
81,201290,2010-02-09,20500.0,2.0,2.0,Indie,0.0,0.0,4X,1.0,0.0,0.0,Mostly Positive,,single and multi,550.0,174.0,17.6,733.0,
82,201330,2001-07-25,,2.0,1.0,Action,0.0,0.0,Action,1.0,0.0,0.0,Very Positive,Very Positive,single only,9478.0,1111.0,0.6,17.0,
83,201420,2013-07-12,16000.0,6.0,6.0,Adventure,0.0,38.0,Puzzle,10.0,0.0,0.0,Very Positive,,single only,780.0,139.0,,,14.4
84,201480,2011-10-25,5500.0,3.0,1.0,Action,0.0,0.0,Action,1.0,0.0,0.0,,,single only,368.0,366.0,0.2,38.0,
85,201490,2011-10-25,11800.0,6.0,2.0,Simulation,0.0,0.0,Simulation,3.0,0.0,1.0,,,single only,86.0,448.0,2.9,329.0,
86,201510,2011-12-14,43000.0,5.0,6.0,Racing,0.0,45.0,Psychological Horror,1.0,0.0,0.0,,,single only,499.0,2637.0,1.3,47.0,33.5
87,201570,2012-02-25,5500.0,6.0,5.0,Action,0.0,20.0,Indie,1.0,0.0,0.0,Mostly Positive,,single only,1435.0,460.0,,,19.9
88,201790,2012-07-31,15500.0,4.0,4.0,Action,0.0,27.0,Tower Defense,9.0,0.0,1.0,Mostly Positive,Very Positive,single and multi,16740.0,1117.0,83.0,15806.0,90.4
89,201810,2014-05-20,23080.0,6.0,1.0,Action,0.0,50.0,FPS,7.0,0.0,1.0,Very Positive,Very Positive,single only,42366.0,4268.0,392.2,11808.0,94.3
90,201870,2011-12-01,16500.0,1.0,1.0,Action,0.0,0.0,Action,15.0,0.0,1.0,Very Positive,Very Positive,single only,10561.0,1751.0,132.9,2727.0,
91,202130,2013-02-15,21000.0,4.0,4.0,Strategy,0.0,48.0,Strategy,2.0,0.0,1.0,,,single only,188.0,232.0,,,67.7
92,202170,,,1.0,6.0,Action,0.0,59.0,Open World,7.0,0.0,1.0,Very Positive,Very Positive,single only,15731.0,922.0,21.9,12032.0,80.6
93,202200,2008-04-30,20500.0,2.0,2.0,Indie,0.0,0.0,4X,1.0,0.0,0.0,Mostly Positive,,single only,1136.0,357.0,30.1,3986.0,
94,202310,2012-03-30,10500.0,1.0,1.0,Racing,0.0,50.0,Racing,7.0,0.0,1.0,,,single only,768.0,532.0,3.6,336.0,82.6
95,202370,,,,,,,,,,,,,,,,,,,
96,202410,2012-02-09,5500.0,6.0,6.0,Action,0.0,19.0,Action,1.0,0.0,1.0,Very Positive,,single only,115.0,26.0,0.1,10.0,16.5
97,202530,2012-01-20,10000.0,1.0,1.0,,0.0,12.0,Platformer,6.0,0.0,0.0,,,single only,1045.0,1433.0,8.9,102.0,77.5
98,202570,2001-07-25,,2.0,1.0,Action,0.0,0.0,Action,1.0,0.0,0.0,Very Positive,Very Positive,single only,9478.0,1111.0,,,
99,202670,2011-11-03,7500.0,3.0,3.0,Adventure,0.0,0.0,Adventure,1.0,0.0,0.0,Very Positive,,single only,158.0,18.0,4.3,29.0,
100,202690,2012-03-31,16000.0,5.0,5.0,Indie,0.0,0.0,Strategy,1.0,0.0,0.0,Very Positive,,single only,173.0,7.0,5.2,42.0,
101,202710,2011-12-15,10500.0,6.0,2.0,Action,0.0,0.0,Real Time Tactics,1.0,0.0,0.0,Mostly Positive,,single and multi,803.0,265.0,7.7,663.0,
102,202730,2012-05-11,10500.0,6.0,6.0,Action,0.0,13.0,Indie,1.0,0.0,0.0,Very Positive,,single only,361.0,60.0,,,89.1
103,202750,2012-05-23,9500.0,2.0,2.0,Action,0.0,12.0,Action,10.0,0.0,0.0,Very Positive,,single only,4720.0,1969.0,7.1,738.0,77.6
104,202860,2011-11-19,5500.0,6.0,2.0,Strategy,0.0,0.0,Strategy,4.0,0.0,0.0,,,single only,48.0,58.0,,,
105,202970,2012-11-12,54000.0,2.0,6.0,Action,0.0,35.0,Action,5.0,0.0,1.0,Very Positive,Very Positive,single only,33128.0,5485.0,158.4,18202.0,58.5
106,203140,2012-11-20,23190.0,2.0,2.0,Action,0.0,47.0,Stealth,8.0,0.0,0.0,Very Positive,Very Positive,single only,34800.0,3262.0,207.0,26039.0,86.4
107,203160,2013-03-05,2200.0,1.0,1.0,Action,0.0,50.0,Adventure,13.0,0.0,1.0,Overwhelmingly Positive,Overwhelmingly Positive,single only,205778.0,8155.0,731.6,89494.0,57.2
108,203210,2012-02-04,13500.0,5.0,5.0,Action,0.0,47.0,Arena Shooter,1.0,0.0,0.0,Very Positive,,single only,846.0,84.0,1.6,192.0,66.8
109,203290,2015-10-01,,6.0,6.0,Action,0.0,100.0,Free to Play,1.0,0.0,0.0,Very Positive,Mostly Positive,single only,8217.0,2213.0,159.7,3040.0,20.0
110,203350,2012-10-26,2200.0,2.0,2.0,RPG,0.0,64.0,RPG,4.0,0.0,1.0,Very Positive,,single only,1198.0,254.0,79.9,2198.0,64.7
111,203510,2012-01-31,21000.0,6.0,6.0,Action,0.0,0.0,Anime,1.0,0.0,0.0,Very Positive,,single only,680.0,113.0,,,
112,203560,2012-03-03,5500.0,6.0,6.0,Casual,0.0,25.0,Casual,1.0,0.0,0.0,Very Positive,,single only,216.0,55.0,,,95.9
113,203630,2012-05-09,27000.0,1.0,1.0,Strategy,0.0,0.0,Strategy,5.0,0.0,0.0,Very Positive,,single only,2080.0,327.0,38.3,3403.0,
114,203650,2012-05-15,10000.0,1.0,1.0,Adventure,0.0,12.0,Adventure,5.0,0.0,0.0,Mostly Positive,,single only,1160.0,365.0,5.4,47.0,72.1
115,203750,2012-04-27,16000.0,6.0,1.0,Action,0.0,49.0,Action,5.0,0.0,1.0,Mostly Positive,Very Positive,single only,5717.0,985.0,6.9,1077.0,64.6
116,203770,2012-02-15,0.0,2.0,1.0,Free to Play,0.0,161.0,Grand Strategy,4.0,0.0,1.0,Very Positive,Very Positive,single only,61019.0,6732.0,2482.7,140269.0,15.4
117,203810,,10500.0,6.0,6.0,Adventure,0.0,0.0,Walking Simulator,1.0,0.0,0.0,Mostly Positive,,single only,4635.0,1492.0,0.1,1144.0,
118,203830,2012-06-23,21000.0,6.0,6.0,Adventure,0.0,36.0,Adventure,6.0,0.0,1.0,Very Positive,Very Positive,single only,1789.0,277.0,6.3,268.0,74.1
119,203990,2011-12-17,6500.0,4.0,4.0,Action,0.0,40.0,Shoot 'Em Up,2.0,0.0,0.0,Very Positive,,single only,243.0,33.0,,,18.7
120,204030,2011-12-20,10500.0,1.0,1.0,Action,0.0,0.0,RPG,8.0,0.0,0.0,Very Positive,Very Positive,single only,6302.0,529.0,38.6,2576.0,
121,204060,2012-04-17,8500.0,4.0,4.0,Adventure,0.0,14.0,Adventure,2.0,0.0,0.0,Mostly Positive,,single only,1910.0,562.0,1.0,257.0,57.8
122,204100,2012-06-01,22800.0,1.0,1.0,Action,0.0,67.0,Action,10.0,0.0,0.0,Very Positive,Very Positive,single only,35962.0,6227.0,239.0,5582.0,65.5
123,204120,2012-01-06,21000.0,6.0,1.0,Adventure,0.0,0.0,LEGO,5.0,0.0,0.0,Very Positive,Very Positive,single only,2032.0,245.0,77.8,319.0,
124,204180,2012-03-21,1000.0,6.0,6.0,Adventure,0.0,65.0,Indie,2.0,0.0,1.0,Very Positive,,single only,1780.0,363.0,1.2,680.0,33.4
125,204220,2012-08-31,10500.0,6.0,6.0,Adventure,0.0,36.0,Indie,1.0,0.0,1.0,Mostly Positive,,single only,176.0,69.0,,,89.1
126,204240,2013-02-23,10500.0,6.0,5.0,Adventure,0.0,20.0,Puzzle Platformer,24.0,0.0,0.0,,Very Positive,single only,3461.0,485.0,3.4,970.0,63.5
127,204300,2012-08-01,0.0,4.0,4.0,Action,0.0,59.0,MOBA,9.0,0.0,1.0,Mostly Positive,Very Positive,single and multi,22345.0,4000.0,136.7,12050.0,61.4
128,204340,2005-10-11,10500.0,2.0,1.0,Action,0.0,0.0,Action,1.0,0.0,1.0,Very Positive,Very Positive,single and multi,9113.0,1048.0,52.5,761.0,
129,204360,2012-09-27,15500.0,2.0,2.0,Action,0.0,12.0,Co-op,11.0,0.0,1.0,Overwhelmingly Positive,Overwhelmingly Positive,single and multi,88820.0,3439.0,694.8,15960.0,49.3
130,204390,2012-02-03,10500.0,6.0,6.0,Action,0.0,0.0,Indie,1.0,0.0,0.0,Very Positive,,single only,96.0,22.0,0.0,19.0,
131,204440,2012-02-23,10500.0,6.0,6.0,Adventure,0.0,40.0,Casual,1.0,0.0,0.0,Very Positive,,single only,163.0,29.0,1.1,21.0,79.9
132,204450,2013-05-23,16000.0,2.0,2.0,Action,0.0,26.0,Western,9.0,0.0,0.0,Very Positive,Overwhelmingly Positive,single only,27235.0,1418.0,120.6,11691.0,88.5
133,204530,2014-03-07,15500.0,6.0,6.0,Action,0.0,36.0,Strategy,1.0,0.0,1.0,Very Positive,,single only,2516.0,164.0,12.6,1252.0,83.4
134,204560,2012-04-05,10500.0,4.0,4.0,Action,0.0,52.0,RPG,6.0,0.0,0.0,,,single only,88.0,250.0,,,12.4
135,204580,2012-10-12,5000.0,6.0,2.0,Action,0.0,12.0,Casual,5.0,0.0,0.0,Positive,,single only,32.0,5.0,,,77.6
136,204630,2014-11-12,16000.0,5.0,5.0,Action,0.0,20.0,Action,5.0,0.0,0.0,Very Positive,,single only,2028.0,268.0,1.3,1035.0,86.0
137,204760,2012-04-19,32000.0,5.0,6.0,Action,0.0,20.0,Action,5.0,0.0,0.0,,,single only,60.0,156.0,,,22.8
138,204860,2012-04-13,8500.0,2.0,2.0,Action,0.0,14.0,Strategy,7.0,0.0,0.0,Mostly Positive,,single only,349.0,151.0,8.3,65.0,67.3
139,204880,2012-06-13,41000.0,2.0,2.0,Action,0.0,68.0,Real Time Tactics,8.0,0.0,1.0,Very Positive,Very Positive,single and multi,13236.0,972.0,534.6,91159.0,30.4
140,204940,2012-02-15,10500.0,2.0,1.0,Strategy,0.0,0.0,Strategy,1.0,0.0,0.0,,,single only,128.0,78.0,2.0,58.0,
141,205020,2014-12-03,13500.0,6.0,6.0,Adventure,0.0,0.0,Adventure,1.0,0.0,1.0,Very Positive,,single only,1083.0,157.0,1.4,105.0,
142,205060,2012-10-03,10500.0,5.0,5.0,Action,0.0,21.0,Indie,1.0,0.0,1.0,,,single only,83.0,57.0,0.0,29.0,46.5
143,205070,2012-12-20,10500.0,5.0,5.0,Action,0.0,16.0,Indie,1.0,0.0,0.0,Mostly Positive,,single only,68.0,21.0,,,50.4
144,205080,2013-07-12,10500.0,5.0,5.0,Action,0.0,20.0,Indie,1.0,0.0,1.0,,,single only,85.0,45.0,,,50.0
145,205100,2012-10-10,11530.0,2.0,1.0,Action,0.0,80.0,Stealth,5.0,0.0,1.0,Overwhelmingly Positive,Overwhelmingly Positive,single only,65793.0,1682.0,507.9,19930.0,84.8
146,205230,2012-10-03,16000.0,6.0,1.0,Action,0.0,12.0,Platformer,5.0,0.0,1.0,Very Positive,,single only,3017.0,504.0,,,76.9
147,205530,2012-05-18,10500.0,4.0,4.0,Indie,0.0,24.0,Strategy,1.0,0.0,1.0,,,single only,52.0,46.0,,,73.0
148,205550,2012-07-10,5500.0,5.0,5.0,Action,0.0,43.0,Action,1.0,0.0,0.0,,,single only,193.0,115.0,0.0,66.0,50.8
149,205610,2012-05-05,17700.0,2.0,2.0,Action,0.0,64.0,Strategy,6.0,0.0,1.0,Mostly Positive,Mostly Positive,single only,907.0,325.0,44.3,582.0,79.2
150,205650,2012-09-21,22000.0,2.0,2.0,Adventure,0.0,32.0,Adventure,12.0,0.0,0.0,,Mostly Positive,single only,2334.0,623.0,8.1,655.0,74.6
151,205690,2012-02-23,5500.0,6.0,6.0,Adventure,0.0,10.0,Puzzle Platformer,1.0,0.0,0.0,Mostly Positive,,single only,250.0,71.0,,,38.4
152,205710,2012-12-14,0.0,6.0,3.0,Free to Play,0.0,0.0,Free to Play,1.0,0.0,1.0,Mostly Positive,Very Positive,,1333.0,333.0,469.8,974.0,
153,205730,2012-04-18,16000.0,6.0,1.0,Action,0.0,17.0,Metroidvania,1.0,0.0,0.0,Very Positive,,single only,663.0,94.0,,,42.9
154,205810,2012-08-25,16000.0,6.0,1.0,RPG,0.0,22.0,Strategy,5.0,0.0,0.0,,,single only,164.0,102.0,5.7,456.0,31.0
155,205830,2012-03-02,10500.0,6.0,6.0,Action,0.0,33.0,Casual,1.0,0.0,0.0,Very Positive,,single only,271.0,22.0,2.4,40.0,81.6
156,205840,2012-03-23,5000.0,6.0,2.0,Adventure,0.0,0.0,Adventure,4.0,0.0,0.0,Very Positive,,single only,696.0,143.0,1.7,83.0,
157,205870,2012-02-29,7500.0,6.0,6.0,Indie,0.0,0.0,Indie,1.0,0.0,0.0,Very Positive,,single only,226.0,49.0,,,
158,205910,2012-06-20,10500.0,5.0,5.0,Indie,0.0,53.0,Indie,5.0,0.0,0.0,Very Positive,,single only,3681.0,328.0,1.2,2213.0,70.5
159,205950,2012-09-20,8000.0,6.0,1.0,Action,0.0,30.0,Great Soundtrack,4.0,0.0,0.0,Very Positive,Very Positive,single only,5830.0,821.0,15.2,2035.0,87.6
160,205990,2014-04-10,21000.0,1.0,1.0,Strategy,0.0,74.0,Strategy,3.0,0.0,1.0,,,single only,781.0,345.0,27.5,978.0,75.3
161,206020,2012-05-12,5500.0,2.0,2.0,RPG,0.0,0.0,RPG,1.0,0.0,0.0,Very Positive,,single only,75.0,14.0,2.3,37.0,
162,206040,2012-05-12,5500.0,2.0,2.0,RPG,0.0,0.0,RPG,1.0,0.0,0.0,Positive,,single only,26.0,5.0,2.4,12.0,
163,206060,2012-05-12,5500.0,2.0,2.0,RPG,0.0,0.0,RPG,1.0,0.0,0.0,Very Positive,,single only,55.0,4.0,2.4,24.0,
164,206190,2013-06-04,10500.0,3.0,3.0,Action,0.0,42.0,Stealth,1.0,0.0,1.0,Very Positive,Overwhelmingly Positive,single only,11832.0,305.0,11.2,2606.0,74.8
165,206230,2012-10-31,2200.0,6.0,2.0,Action,0.0,48.0,Action,1.0,0.0,1.0,,,single only,44.0,21.0,,,57.2
166,206250,2012-08-15,10500.0,6.0,2.0,Action,0.0,0.0,RPG,1.0,0.0,0.0,,,single only,98.0,47.0,,,
167,206370,2012-08-16,10500.0,4.0,4.0,Action,0.0,14.0,Indie,6.0,0.0,0.0,Very Positive,,single only,680.0,67.0,2.8,141.0,66.5
168,206410,2011-12-06,51000.0,6.0,6.0,Casual,0.0,0.0,Casual,5.0,0.0,1.0,Mostly Positive,,single only,24.0,9.0,0.1,14.0,
169,206420,2013-08-23,16000.0,1.0,1.0,Action,0.0,73.0,Open World,8.0,0.0,1.0,Very Positive,Very Positive,single only,66214.0,6972.0,327.8,42076.0,90.1
170,206440,2011-11-01,10500.0,2.0,2.0,Adventure,0.0,0.0,Story Rich,13.0,0.0,1.0,Overwhelmingly Positive,Overwhelmingly Positive,single only,59595.0,2204.0,64.9,601.0,
171,206480,2012-06-26,0.0,3.0,3.0,Action,0.0,0.0,Free to Play,3.0,0.0,0.0,Mostly Positive,Mostly Positive,,3856.0,1638.0,268.0,1368.0,
172,206500,2018-03-31,0.0,5.0,5.0,Action,0.0,91.0,Free to Play,14.0,0.0,1.0,Mostly Positive,Very Positive,single and multi,8428.0,1600.0,26.6,2336.0,47.5
173,206610,2012-03-30,10500.0,6.0,6.0,Casual,0.0,0.0,Casual,12.0,0.0,0.0,,,single only,240.0,345.0,0.7,9465.0,
174,206690,2012-03-02,5500.0,6.0,6.0,Casual,0.0,25.0,Tower Defense,1.0,0.0,0.0,Very Positive,,single only,468.0,98.0,1.4,351.0,67.3
175,206760,2012-03-01,10000.0,6.0,4.0,Action,0.0,0.0,Action,3.0,0.0,0.0,,,,152.0,186.0,,,
176,207000,2013-03-21,10500.0,6.0,4.0,Action,0.0,25.0,Indie,5.0,0.0,1.0,,,single only,100.0,95.0,,,61.3
177,207020,2012-06-09,10500.0,6.0,4.0,Racing,0.0,12.0,Racing,5.0,0.0,0.0,Very Positive,,single only,438.0,100.0,1.0,26.0,11.5
178,207040,2012-11-10,10000.0,6.0,4.0,Action,0.0,10.0,Shoot 'Em Up,6.0,0.0,0.0,Very Positive,,single only,757.0,169.0,,,42.6
179,207080,2012-06-13,10500.0,6.0,6.0,Indie,0.0,7.0,Movie,27.0,0.0,1.0,Overwhelmingly Positive,,single only,1644.0,134.0,,,25.4
180,207140,2016-04-20,,5.0,2.0,Action,0.0,29.0,Multiplayer,19.0,0.0,1.0,Very Positive,Very Positive,single only,30940.0,2026.0,274.1,17131.0,68.5
181,207150,2012-04-13,10500.0,6.0,6.0,Action,0.0,0.0,Strategy,4.0,0.0,1.0,,,,214.0,351.0,,,
182,207170,2012-04-12,16000.0,6.0,6.0,Adventure,0.0,40.0,Dungeon Crawler,1.0,0.0,0.0,Very Positive,Very Positive,single only,5330.0,337.0,23.6,2656.0,64.9
183,207190,2012-04-26,10500.0,5.0,6.0,Action,0.0,9.0,Racing,5.0,0.0,0.0,,,single only,88.0,73.0,,,29.6
184,207230,2014-04-25,0.0,6.0,6.0,Action,0.0,77.0,Free to Play,1.0,0.0,0.0,Mostly Positive,,,5677.0,2073.0,1.7,3446.0,88.8
185,207250,2012-03-17,4400.0,6.0,6.0,Indie,0.0,44.0,Tower Defense,1.0,0.0,0.0,Mostly Positive,,single only,353.0,145.0,,,93.5
186,207320,2012-03-20,16000.0,6.0,2.0,Action,0.0,33.0,Action,1.0,0.0,0.0,Very Positive,,single only,1410.0,88.0,11.7,438.0,39.5
187,207350,2012-06-01,21000.0,6.0,2.0,Action,0.0,46.0,RPG,1.0,0.0,0.0,Very Positive,Very Positive,single only,2584.0,158.0,17.0,634.0,57.7
188,207370,2012-08-03,3300.0,5.0,5.0,Action,0.0,0.0,Bullet Hell,1.0,0.0,0.0,,,single only,214.0,250.0,0.2,149.0,
189,207380,2012-08-03,6500.0,5.0,5.0,Action,0.0,0.0,Bullet Hell,2.0,0.0,0.0,Very Positive,,single only,217.0,37.0,0.3,145.0,
190,207400,2012-08-03,6500.0,5.0,5.0,Action,0.0,0.0,Bullet Hell,2.0,0.0,0.0,Very Positive,,single only,561.0,44.0,1.2,129.0,
191,207420,2012-03-15,3300.0,4.0,4.0,Action,0.0,20.0,Indie,2.0,0.0,0.0,Mostly Positive,,single only,625.0,261.0,,,37.6
192,207430,2012-04-06,7500.0,5.0,5.0,Casual,0.0,18.0,Traditional Roguelike,1.0,0.0,0.0,,,single only,362.0,350.0,1.2,295.0,41.2
193,207490,2012-03-30,11000.0,6.0,1.0,Action,0.0,0.0,Platformer,12.0,0.0,0.0,Very Positive,Very Positive,single only,2897.0,188.0,33.1,870.0,
194,207530,2012-04-24,5500.0,6.0,6.0,Action,0.0,0.0,Action,1.0,0.0,0.0,Very Positive,,single only,547.0,36.0,0.1,95.0,
195,207570,2011-11-25,5500.0,6.0,6.0,Indie,0.0,0.0,Puzzle,1.0,0.0,0.0,Very Positive,,single only,313.0,74.0,,,
196,207610,2012-04-25,15500.0,6.0,3.0,Adventure,0.0,48.0,Zombies,5.0,0.0,1.0,Overwhelmingly Positive,Overwhelmingly Positive,single only,55980.0,1731.0,139.8,12067.0,83.5
197,207650,2012-08-02,10500.0,5.0,5.0,Action,0.0,47.0,Indie,1.0,0.0,1.0,Mostly Positive,,single only,405.0,317.0,0.4,586.0,57.2
198,207670,2012-08-24,2200.0,5.0,5.0,Indie,0.0,13.0,Indie,1.0,0.0,0.0,,,single only,31.0,38.0,0.0,41.0,59.5
199,207690,2012-05-08,10000.0,2.0,2.0,Adventure,0.0,53.0,Casual,10.0,0.0,1.0,Very Positive,Overwhelmingly Positive,single only,4859.0,224.0,7.0,428.0,79.4
200,207710,2012-03-16,5500.0,6.0,6.0,Casual,0.0,13.0,Indie,1.0,0.0,0.0,,,single only,28.0,16.0,,,7.6
201,207730,2012-10-13,4400.0,6.0,6.0,Action,0.0,20.0,Strategy,2.0,0.0,0.0,,,single only,129.0,264.0,,,7.4
202,207750,2012-08-07,5500.0,6.0,6.0,Action,0.0,31.0,Music,1.0,0.0,0.0,Very Positive,,single only,1217.0,223.0,0.9,833.0,85.4
203,207790,2012-03-09,10500.0,6.0,1.0,Simulation,0.0,0.0,Simulation,5.0,0.0,0.0,,,single only,117.0,240.0,,,
204,207930,2013-04-17,10500.0,6.0,1.0,Action,0.0,35.0,Action,9.0,0.0,1.0,Mostly Positive,,single only,748.0,338.0,1.2,489.0,76.4
205,208110,2005-07-19,10500.0,6.0,6.0,Adventure,0.0,0.0,Adventure,8.0,0.0,0.0,,,single only,116.0,70.0,2.1,29.0,
206,208140,2012-07-05,10500.0,2.0,1.0,Strategy,0.0,93.0,Strategy,7.0,0.0,1.0,Mostly Positive,,single only,7193.0,1763.0,63.1,17310.0,45.4
207,208200,2012-10-17,21000.0,1.0,1.0,Action,0.0,65.0,FPS,6.0,0.0,0.0,Mostly Positive,Very Positive,single only,7204.0,1179.0,59.9,1069.0,42.0
208,208400,2012-04-12,10500.0,2.0,2.0,Indie,0.0,35.0,RPG,1.0,0.0,0.0,Very Positive,,single only,947.0,88.0,11.9,190.0,76.6
209,208460,2012-09-15,16000.0,6.0,6.0,Action,0.0,61.0,Strategy,1.0,0.0,1.0,,,single only,15.0,39.0,,,39.4
210,208520,2013-03-26,17700.0,4.0,2.0,Simulation,0.0,60.0,Crime,8.0,0.0,1.0,,,single only,1413.0,730.0,15.4,3983.0,73.8
211,208580,2005-02-08,10500.0,2.0,2.0,RPG,0.0,57.0,RPG,5.0,0.0,0.0,Overwhelmingly Positive,Very Positive,single only,18584.0,1313.0,714.9,6544.0,66.8
212,208600,2012-01-15,16000.0,6.0,6.0,Indie,0.0,51.0,Simulation,1.0,0.0,0.0,Very Positive,,single only,519.0,114.0,,,68.7
213,208620,2012-03-29,10500.0,6.0,6.0,Adventure,0.0,14.0,Adventure,1.0,0.0,0.0,Mostly Positive,,single only,80.0,46.0,0.4,20.0,8.6
214,208630,2012-03-29,10500.0,6.0,6.0,Adventure,0.0,16.0,Adventure,1.0,0.0,0.0,Positive,,single only,84.0,26.0,0.9,18.0,82.0
215,208640,2012-03-29,10500.0,6.0,6.0,Adventure,0.0,16.0,Adventure,1.0,0.0,0.0,Positive,,single only,72.0,10.0,,,80.4
216,208650,2015-06-23,21000.0,6.0,1.0,Action,0.0,113.0,Action,9.0,0.0,1.0,Very Positive,Very Positive,single only,73075.0,14330.0,1319.3,25623.0,87.6
217,208670,2012-04-21,10500.0,3.0,3.0,Action,0.0,35.0,Action,7.0,0.0,1.0,Very Positive,,single only,1701.0,432.0,,,82.3
218,208710,2012-09-25,10500.0,6.0,6.0,Action,0.0,29.0,Indie,5.0,0.0,0.0,Mostly Positive,,single only,24.0,10.0,,,9.1
219,208730,2012-06-08,16000.0,4.0,6.0,Action,0.0,50.0,RPG,4.0,0.0,1.0,Mostly Positive,,single only,1565.0,623.0,3.2,961.0,54.2
220,208750,2015-02-04,16000.0,5.0,5.0,Action,0.0,30.0,Action,1.0,0.0,1.0,Mostly Positive,Very Positive,single only,2914.0,325.0,6.3,718.0,62.0
221,209000,2013-10-25,21000.0,1.0,1.0,Action,0.0,60.0,Action,9.0,0.0,1.0,Very Positive,Very Positive,single only,34647.0,4786.0,366.1,24938.0,82.0
222,209060,2014-02-20,16000.0,5.0,5.0,Action,0.0,11.0,Arena Shooter,1.0,0.0,0.0,Very Positive,,single only,545.0,101.0,,,89.2
223,209080,2012-10-30,5500.0,5.0,5.0,Action,0.0,849.0,Steampunk,1.0,0.0,0.0,Very Positive,,,13219.0,1427.0,5.9,102258.0,58.9
224,209100,,,,,,,,,,,,,,,,,,,
225,209120,2012-05-11,,1.0,1.0,Action,0.0,0.0,Fighting,11.0,0.0,1.0,,,single only,1222.0,988.0,7.4,1287.0,
226,209160,2014-03-26,63000.0,2.0,6.0,Action,0.0,40.0,Dog,5.0,0.0,1.0,Very Positive,,single only,16965.0,10788.0,58.5,12575.0,81.4
227,209190,2012-11-29,10500.0,2.0,2.0,Action,0.0,27.0,Stealth,1.0,0.0,1.0,Very Positive,,single only,922.0,116.0,,,44.6
228,209230,2010-11-11,11000.0,6.0,2.0,Adventure,0.0,32.0,Adventure,11.0,0.0,0.0,Very Positive,,single only,438.0,69.0,,,75.4
229,209330,2012-04-25,16000.0,4.0,4.0,Action,0.0,98.0,Action,1.0,0.0,0.0,,,single and multi,284.0,199.0,0.7,290.0,46.5
230,209360,2012-04-20,5500.0,6.0,6.0,Action,0.0,16.0,Action,3.0,0.0,0.0,Mostly Positive,,single only,54.0,19.0,,,32.9
231,209370,2012-04-28,10500.0,5.0,5.0,Indie,0.0,14.0,Visual Novel,3.0,0.0,1.0,Very Positive,,single only,2037.0,147.0,,,58.7
232,209540,,,,,,,,,,,,,,,,,,,
233,209610,2012-06-20,10500.0,6.0,6.0,Casual,0.0,15.0,Simulation,1.0,0.0,0.0,,,single only,62.0,52.0,,,67.8
234,209630,2013-06-21,22000.0,2.0,2.0,Action,0.0,24.0,Puzzle,9.0,0.0,0.0,Very Positive,,single only,699.0,253.0,1.6,527.0,72.7
235,209650,2014-11-03,63000.0,2.0,6.0,Action,0.0,45.0,Dog,6.0,0.0,1.0,Mostly Positive,,single only,14770.0,8576.0,53.4,12649.0,75.5
236,209670,2012-09-29,21000.0,5.0,5.0,Action,0.0,11.0,Strategy,1.0,0.0,0.0,Very Positive,,single only,4152.0,1641.0,10.3,62137.0,55.7
237,209690,2012-05-25,5500.0,6.0,6.0,Strategy,0.0,93.0,Tower Defense,1.0,0.0,0.0,Mostly Positive,,single only,175.0,101.0,,,86.7
238,209730,2012-10-12,5000.0,6.0,2.0,Action,0.0,12.0,RPG,7.0,0.0,0.0,,,single and multi,350.0,371.0,1.8,418.0,41.1
239,209750,2012-08-07,16000.0,6.0,6.0,Action,0.0,0.0,Action,1.0,0.0,0.0,,,single only,78.0,74.0,,,
240,209790,2012-06-14,10500.0,6.0,6.0,Indie,0.0,16.0,Puzzle,1.0,0.0,1.0,Very Positive,,single only,507.0,65.0,,,93.4
241,209830,2012-04-24,15500.0,6.0,6.0,Action,0.0,0.0,Horror,1.0,0.0,1.0,Very Positive,,single only,1083.0,178.0,0.4,204.0,
242,209850,2013-02-20,2200.0,6.0,6.0,Casual,0.0,111.0,Casual,1.0,0.0,1.0,,,single only,38.0,22.0,,,87.0
243,209950,2012-12-07,10500.0,6.0,6.0,Casual,0.0,10.0,Casual,4.0,0.0,0.0,Very Positive,,single only,682.0,58.0,12.1,503.0,80.9
244,210170,2012-02-15,4400.0,6.0,6.0,Action,0.0,14.0,Indie,1.0,0.0,0.0,,,single only,165.0,74.0,,,49.4
245,210230,2012-05-17,20500.0,3.0,3.0,Adventure,0.0,0.0,Adventure,1.0,0.0,1.0,Very Positive,,single only,81.0,9.0,3.6,29.0,
246,210490,2012-06-20,,6.0,6.0,Action,0.0,64.0,Strategy,1.0,0.0,0.0,,,,1.0,49.0,,,19.8
247,210770,2013-05-16,15500.0,2.0,2.0,Action,0.0,50.0,Tower Defense,6.0,0.0,1.0,Very Positive,Very Positive,single and multi,12458.0,1377.0,36.4,13560.0,76.3
248,210950,2001-11-18,10500.0,6.0,6.0,Action,0.0,29.0,Action,6.0,0.0,0.0,Very Positive,,single only,696.0,81.0,1.5,28.0,43.9
249,210970,2016-01-26,43000.0,6.0,6.0,Adventure,0.0,0.0,Puzzle,15.0,0.0,0.0,Very Positive,Very Positive,single only,11976.0,2049.0,163.4,6181.0,
250,211010,2012-05-18,10500.0,4.0,4.0,Action,0.0,0.0,Action,2.0,0.0,0.0,Very Positive,,single only,372.0,76.0,4.3,1245.0,
251,211050,2012-08-17,21000.0,6.0,6.0,Casual,0.0,0.0,Strategy,9.0,0.0,1.0,Mostly Positive,,single only,933.0,342.0,50.0,11017.0,
252,211070,2012-08-17,21000.0,6.0,6.0,Casual,0.0,0.0,Strategy,9.0,0.0,1.0,Mostly Positive,,single only,933.0,342.0,1.4,78.0,
253,211160,2012-10-18,15000.0,6.0,1.0,Action,0.0,50.0,Action,7.0,0.0,0.0,,,single only,1030.0,1114.0,2.5,790.0,38.2
254,211180,2012-08-09,10500.0,6.0,6.0,Adventure,0.0,17.0,Indie,14.0,0.0,0.0,Very Positive,,single only,410.0,33.0,0.8,244.0,77.5
255,211200,2012-05-03,1100.0,6.0,6.0,,0.0,0.0,Action,1.0,0.0,0.0,,,single only,6.0,0.0,,,
256,211201,2012-05-03,1100.0,6.0,6.0,,0.0,0.0,Platformer,1.0,0.0,0.0,,,single only,8.0,0.0,,,
257,211202,2012-05-03,1100.0,6.0,6.0,,0.0,0.0,Beat 'em up,1.0,0.0,0.0,,,single only,4.0,0.0,,,
258,211203,2012-05-03,1100.0,6.0,6.0,,0.0,0.0,JRPG,1.0,0.0,0.0,,,single only,2.0,1.0,,,
259,211204,2012-05-03,1100.0,6.0,6.0,,0.0,0.0,JRPG,1.0,0.0,0.0,,,single only,2.0,1.0,,,
260,211205,2012-05-03,1100.0,6.0,6.0,,0.0,0.0,JRPG,1.0,0.0,0.0,,,single only,7.0,0.0,,,
261,211206,2012-05-03,1100.0,6.0,6.0,Action,0.0,0.0,Action,1.0,0.0,0.0,,,single only,9.0,1.0,,,
262,211207,2012-05-03,1100.0,6.0,6.0,,0.0,0.0,Ninja,1.0,0.0,0.0,,,single only,4.0,1.0,,,
263,211208,2012-05-03,1100.0,6.0,6.0,,0.0,0.0,Platformer,1.0,0.0,0.0,,,single only,3.0,0.0,,,
264,211209,2012-05-03,1100.0,6.0,6.0,,0.0,0.0,Metroidvania,1.0,0.0,0.0,,,single only,6.0,0.0,,,
265,211260,2012-08-30,10500.0,5.0,5.0,Action,0.0,150.0,Platformer,2.0,0.0,1.0,Very Positive,,single only,2063.0,400.0,1.3,560.0,87.1
266,211280,2013-01-08,10500.0,6.0,6.0,Action,0.0,29.0,Action,4.0,0.0,0.0,,,single and multi,178.0,124.0,,,84.2
267,211340,2012-06-01,16000.0,4.0,4.0,Adventure,0.0,26.0,Visual Novel,1.0,0.0,0.0,Very Positive,,single only,870.0,100.0,,,54.3
268,211360,2012-05-12,8500.0,6.0,6.0,Adventure,0.0,10.0,Indie,1.0,0.0,0.0,Very Positive,,single only,468.0,101.0,0.1,1649.0,44.2
269,211400,2012-10-26,21000.0,6.0,1.0,Action,0.0,31.0,Zombies,6.0,0.0,0.0,Very Positive,Mostly Positive,single only,9613.0,2553.0,4.3,1663.0,85.6
270,211420,2012-08-24,,1.0,1.0,Action,0.0,41.0,Souls-like,10.0,0.0,0.0,Very Positive,Very Positive,single only,70042.0,6565.0,147.2,11248.0,71.9
271,211440,2012-06-14,5500.0,6.0,6.0,Indie,0.0,13.0,Platformer,1.0,0.0,0.0,Very Positive,,single only,1013.0,165.0,,,57.1
272,211500,2013-02-12,,6.0,6.0,Free to Play,0.0,0.0,Free to Play,5.0,0.0,0.0,Mostly Positive,Mostly Positive,single only,12465.0,4680.0,408.8,2600.0,
273,211580,2011-06-14,5500.0,6.0,6.0,Action,0.0,30.0,RPG,1.0,0.0,0.0,,,single and multi,254.0,242.0,0.1,752.0,73.2
274,211600,1998-11-30,7500.0,6.0,1.0,Action,0.0,0.0,Stealth,1.0,0.0,0.0,Very Positive,Very Positive,single only,2745.0,233.0,20.3,260.0,
275,211740,2000-03-21,7500.0,6.0,1.0,Action,0.0,0.0,Stealth,1.0,0.0,0.0,Very Positive,Very Positive,single only,1442.0,90.0,13.9,79.0,
276,211780,2002-09-13,7500.0,6.0,1.0,Action,0.0,0.0,Action,1.0,0.0,0.0,Mostly Positive,Mostly Positive,single only,644.0,227.0,5.0,55.0,
277,211800,2012-05-17,4400.0,6.0,6.0,Casual,0.0,11.0,Casual,5.0,0.0,0.0,Positive,,single only,97.0,31.0,,,30.4
278,211820,2016-07-23,16000.0,1.0,1.0,Action,0.0,51.0,Open World Survival Craft,1.0,0.0,1.0,Very Positive,Very Positive,single and multi,145681.0,11278.0,2205.8,88355.0,80.1
279,211900,2012-10-24,10500.0,6.0,6.0,Indie,0.0,0.0,Strategy,1.0,0.0,0.0,Mostly Positive,,single only,250.0,62.0,1.7,235.0,
280,211970,2012-12-11,21000.0,6.0,6.0,Racing,0.0,0.0,Racing,5.0,0.0,0.0,,,single only,167.0,121.0,,,
281,212010,2012-08-22,8500.0,6.0,6.0,Action,0.0,92.0,Space,11.0,0.0,0.0,Very Positive,Mostly Positive,single only,1398.0,452.0,7.7,605.0,98.5
282,212030,2012-07-25,10500.0,6.0,6.0,Action,0.0,12.0,Action,5.0,0.0,1.0,Mostly Positive,,single only,849.0,231.0,0.7,267.0,88.2
283,212050,2012-07-26,10500.0,6.0,3.0,Adventure,0.0,38.0,Adventure,1.0,0.0,1.0,Very Positive,,single only,424.0,40.0,1.8,149.0,66.1
284,212070,2013-02-28,0.0,4.0,3.0,Action,0.0,213.0,Free to Play,11.0,0.0,1.0,,Mostly Positive,,10447.0,3508.0,149.9,4973.0,38.9
285,212110,2012-11-08,7500.0,5.0,5.0,Action,0.0,20.0,Indie,2.0,0.0,0.0,Mostly Positive,,single only,143.0,53.0,2.9,125.0,50.5
286,212160,,,,,,,,,,,,,,,,,,,
287,212200,,,,,,,,,,,,,,,,,,,
288,212390,2012-09-14,0.0,5.0,5.0,Action,0.0,0.0,Free to Play,7.0,0.0,0.0,Mostly Positive,,,977.0,375.0,6.2,2811.0,
289,212410,,,,,,,,,,,,,,,,,,,
290,212480,2013-02-01,20000.0,6.0,1.0,Racing,0.0,50.0,Racing,5.0,0.0,1.0,Very Positive,Very Positive,single only,14055.0,926.0,69.1,5849.0,75.4
291,212500,2012-06-06,0.0,3.0,3.0,Action,0.0,0.0,Free to Play,3.0,0.0,0.0,Mostly Positive,Very Positive,,12829.0,2964.0,874.4,3744.0,
292,212630,2012-06-28,16500.0,1.0,1.0,Action,0.0,0.0,Action,11.0,0.0,1.0,Mostly Positive,,single only,3031.0,1467.0,16.9,2230.0,
293,212680,2012-09-15,10500.0,2.0,2.0,Indie,0.0,51.0,Roguelike,10.0,0.0,1.0,Very Positive,Overwhelmingly Positive,single only,61966.0,2668.0,1239.1,18821.0,33.5
294,212700,2012-12-14,6500.0,6.0,6.0,Action,0.0,33.0,Action,6.0,0.0,1.0,,,single only,99.0,97.0,0.2,346.0,46.2
295,212780,2012-09-28,10500.0,6.0,6.0,Indie,0.0,100.0,Sports,10.0,0.0,0.0,,,single only,330.0,163.0,6.0,125.0,73.6
296,212800,2010-10-22,0.0,3.0,3.0,Action,0.0,0.0,Free to Play,1.0,0.0,0.0,Very Positive,,single only,5844.0,735.0,,,
297,213030,2012-06-26,2200.0,6.0,6.0,Indie,0.0,0.0,JRPG,1.0,0.0,0.0,Very Positive,,single only,474.0,83.0,,,
298,213330,2012-06-23,21000.0,6.0,6.0,Action,0.0,0.0,LEGO,10.0,0.0,0.0,Very Positive,Very Positive,single only,3665.0,261.0,92.2,507.0,
299,213350,2012-07-31,16000.0,6.0,4.0,Action,0.0,0.0,Action,1.0,0.0,0.0,,,single only,77.0,54.0,,,
300,213390,2012-04-07,0.0,6.0,6.0,Indie,0.0,0.0,Casual,1.0,0.0,0.0,,,single only,10.0,6.0,,,
301,213610,2012-11-20,10000.0,1.0,1.0,Action,0.0,15.0,Action,5.0,0.0,1.0,Very Positive,Very Positive,single only,12706.0,1856.0,276.5,668.0,79.6
302,213650,2012-10-19,0.0,6.0,2.0,Casual,0.0,29.0,Free to Play,1.0,0.0,1.0,Very Positive,,single only,1398.0,243.0,,,32.1
303,213670,2014-03-06,33000.0,2.0,1.0,Action,0.0,50.0,RPG,8.0,0.0,1.0,Overwhelmingly Positive,Overwhelmingly Positive,single only,49390.0,1224.0,245.8,34645.0,73.5
304,214100,2012-08-08,10500.0,6.0,6.0,Strategy,0.0,7.0,Casual,5.0,0.0,0.0,,,single only,30.0,26.0,0.0,241.0,33.1
305,214130,2012-10-18,20500.0,6.0,6.0,Indie,0.0,33.0,Simulation,2.0,0.0,1.0,,,single only,110.0,54.0,0.8,34.0,92.3
306,214150,2003-03-23,10500.0,2.0,2.0,Indie,0.0,0.0,4X,1.0,0.0,0.0,,,single only,112.0,127.0,2.4,191.0,
307,214170,2002-09-20,6500.0,2.0,2.0,RPG,0.0,0.0,RPG,4.0,0.0,0.0,Very Positive,Very Positive,single only,2402.0,320.0,29.7,300.0,
308,214250,2012-09-07,16500.0,1.0,1.0,Action,0.0,0.0,Survival,5.0,0.0,0.0,,,single only,1629.0,797.0,2.4,1228.0,
309,214340,2012-08-07,10500.0,2.0,2.0,Adventure,0.0,19.0,Adventure,16.0,0.0,1.0,Very Positive,Very Positive,single only,9327.0,1266.0,37.0,1257.0,80.3
310,214360,2012-08-15,8500.0,3.0,3.0,Action,0.0,35.0,Tower Defense,3.0,0.0,0.0,Mostly Positive,,single and multi,1242.0,461.0,4.6,1950.0,37.5
311,214420,2015-01-29,0.0,6.0,6.0,Action,0.0,27.0,Free to Play,11.0,0.0,0.0,Very Positive,Mostly Positive,,6339.0,2181.0,,,45.9
312,214490,2014-10-07,21500.0,6.0,1.0,Action,0.0,50.0,Horror,9.0,0.0,1.0,Very Positive,Very Positive,single only,44989.0,3453.0,180.4,10761.0,92.7
313,214510,2012-11-28,21000.0,6.0,1.0,Action,0.0,48.0,LEGO,9.0,0.0,0.0,Very Positive,Very Positive,single only,9113.0,1020.0,160.9,5005.0,74.9
314,214550,2014-03-12,7500.0,1.0,1.0,Casual,0.0,14.0,Indie,1.0,0.0,0.0,Very Positive,,single only,570.0,134.0,,,34.0
315,214560,,5500.0,1.0,6.0,Action,0.0,38.0,Stealth,6.0,0.0,0.0,Very Positive,Overwhelmingly Positive,single only,15228.0,471.0,6.6,5020.0,91.1
316,214570,2012-09-28,8500.0,6.0,2.0,Action,0.0,20.0,Shoot 'Em Up,2.0,0.0,1.0,Very Positive,,single only,211.0,62.0,0.2,119.0,17.5
317,214590,2012-10-18,8500.0,6.0,6.0,Action,0.0,50.0,Anime,2.0,0.0,1.0,Very Positive,,single only,910.0,160.0,0.3,174.0,51.4
318,214610,2012-11-09,8500.0,5.0,5.0,Adventure,0.0,0.0,Visual Novel,1.0,0.0,0.0,Very Positive,,single only,487.0,84.0,1.2,276.0,
319,214700,2012-08-21,5500.0,4.0,4.0,Adventure,0.0,0.0,First-Person,1.0,0.0,0.0,,,single only,1030.0,659.0,,,
320,214730,2013-10-18,16000.0,6.0,2.0,Action,0.0,82.0,Space,2.0,0.0,0.0,Very Positive,Very Positive,single only,5115.0,278.0,205.8,778.0,22.6
321,214770,2013-08-09,15500.0,4.0,4.0,Action,0.0,60.0,Metroidvania,6.0,0.0,1.0,Very Positive,,single only,5333.0,387.0,6.3,1643.0,78.9
322,214790,2012-09-01,4400.0,2.0,2.0,Adventure,0.0,53.0,Indie,1.0,0.0,0.0,Very Positive,Very Positive,single only,1070.0,178.0,,,42.1
323,214830,2012-09-28,10500.0,6.0,6.0,Action,0.0,35.0,RPG,6.0,0.0,1.0,Very Positive,,single only,1225.0,191.0,3.4,993.0,81.7
324,214870,2012-11-01,20000.0,6.0,4.0,Action,0.0,107.0,Action,10.0,0.0,1.0,Mostly Positive,,single only,2795.0,826.0,7.6,1899.0,56.0
325,214910,2012-09-22,10500.0,6.0,6.0,Action,0.0,16.0,Action,6.0,0.0,0.0,,,single only,263.0,235.0,1.9,199.0,18.9
326,214950,2013-09-02,59800.0,6.0,1.0,Strategy,0.0,188.0,Strategy,9.0,0.0,1.0,Very Positive,Very Positive,single and multi,59279.0,13981.0,4479.4,118240.0,84.0
327,214970,2012-09-12,10000.0,6.0,6.0,Action,0.0,14.0,Action,2.0,0.0,0.0,Very Positive,Very Positive,single only,1332.0,204.0,3.8,317.0,60.1
328,215080,2014-09-19,0.0,4.0,4.0,Action,0.0,36.0,Free to Play,4.0,0.0,1.0,,Mostly Positive,multi only,6564.0,2172.0,271.3,4046.0,13.2
329,215100,,,,,,,,,,,,,,,,,,,
330,215160,2012-08-01,20000.0,5.0,1.0,Adventure,0.0,0.0,Adventure,5.0,0.0,1.0,Very Positive,,single only,1727.0,163.0,5.2,332.0,
331,215280,2017-08-01,0.0,2.0,2.0,Action,0.0,0.0,Massively Multiplayer,3.0,0.0,1.0,,,multi only,5640.0,2787.0,64.5,3740.0,
332,215390,2012-08-29,43000.0,6.0,6.0,Action,0.0,36.0,Action,5.0,0.0,1.0,,,single only,8.0,8.0,,,75.4
333,215450,,8500.0,6.0,6.0,Action,0.0,35.0,Indie,8.0,0.0,0.0,Positive,,single only,49.0,3.0,,,33.6
334,215470,2012-10-30,8500.0,6.0,6.0,Action,0.0,69.0,Dinosaurs,1.0,0.0,1.0,Mostly Positive,,,4490.0,1358.0,,,92.2
335,215510,2012-10-16,5500.0,6.0,6.0,Adventure,0.0,29.0,Indie,12.0,0.0,0.0,Very Positive,,single and multi,2421.0,633.0,,,62.3
336,215530,2013-05-23,16000.0,4.0,4.0,Action,0.0,95.0,RPG,10.0,0.0,1.0,Very Positive,Very Positive,single only,7411.0,1515.0,24.2,4210.0,86.0
337,215550,2016-10-31,10500.0,6.0,6.0,Action,0.0,0.0,Action,1.0,0.0,1.0,,,single and multi,152.0,183.0,,,
338,215630,2013-10-25,11800.0,2.0,2.0,Action,0.0,49.0,RPG,5.0,0.0,0.0,,,single only,612.0,287.0,,,59.5
339,215670,2012-06-01,5500.0,6.0,6.0,Adventure,0.0,12.0,Indie,1.0,0.0,0.0,Mostly Positive,,single only,1124.0,550.0,,,7.8
340,215690,2013-05-01,10500.0,4.0,1.0,Action,0.0,19.0,Action,6.0,0.0,0.0,Very Positive,,single and multi,931.0,278.0,1.6,448.0,36.2
341,215710,2013-01-11,10500.0,6.0,6.0,Action,0.0,59.0,Tower Defense,1.0,0.0,0.0,Very Positive,,single only,375.0,65.0,7.4,646.0,56.5
342,215770,2012-09-05,5500.0,5.0,5.0,Action,0.0,30.0,Indie,2.0,0.0,1.0,,,single only,55.0,49.0,27.1,182.0,11.1
343,215790,2012-09-20,7500.0,6.0,6.0,Casual,0.0,0.0,Simulation,8.0,0.0,0.0,,,single only,325.0,494.0,1.3,10933.0,
344,215830,,,,,,,,,,,,,,,,,,,
345,215870,2013-03-14,0.0,4.0,2.0,Free to Play,0.0,20.0,Free to Play,2.0,0.0,0.0,,,,163.0,226.0,0.0,368.0,15.5
346,215930,2004-03-08,7500.0,6.0,6.0,RPG,0.0,0.0,Strategy,5.0,0.0,0.0,Mostly Positive,Mostly Positive,single only,984.0,313.0,55.5,5689.0,
347,216090,2013-03-15,10500.0,5.0,5.0,Casual,0.0,26.0,Tower Defense,1.0,0.0,0.0,Very Positive,,single only,423.0,47.0,3.4,263.0,58.2
348,216110,2012-08-25,5500.0,2.0,2.0,Action,0.0,25.0,Action,6.0,0.0,0.0,Very Positive,,single only,916.0,219.0,1.7,104.0,88.2
349,216130,2012-11-03,10500.0,6.0,6.0,Indie,0.0,30.0,4X,2.0,0.0,0.0,,,single only,40.0,110.0,,,32.1
350,216150,,,,,,,,,,,,,,,,,,,
351,216210,2012-09-14,10500.0,5.0,5.0,Adventure,0.0,0.0,Adventure,2.0,0.0,0.0,,,single only,87.0,42.0,,,
352,216260,2014-06-26,20500.0,6.0,6.0,Indie,0.0,35.0,Sports,1.0,0.0,0.0,Very Positive,,single only,605.0,74.0,8.0,278.0,76.6
353,216290,2012-09-14,5500.0,6.0,6.0,Indie,0.0,18.0,Indie,1.0,0.0,0.0,Very Positive,,single only,213.0,20.0,0.0,100.0,79.7
354,216330,2012-11-03,,1.0,1.0,Action,0.0,0.0,Action,7.0,0.0,0.0,,,single only,5.0,3.0,,,
355,216670,2012-08-29,7500.0,6.0,6.0,Indie,0.0,0.0,Strategy,1.0,0.0,0.0,Positive,,single only,51.0,4.0,1.2,232.0,
356,216890,2012-10-12,16000.0,6.0,6.0,Sports,0.0,22.0,Sports,6.0,0.0,0.0,Mostly Positive,,single only,1338.0,318.0,16.3,1917.0,14.0
357,216910,2012-10-12,16000.0,6.0,6.0,Action,0.0,45.0,RPG,8.0,0.0,0.0,Mostly Positive,,single only,1193.0,442.0,3.3,488.0,48.4
358,216930,2012-09-04,10500.0,6.0,6.0,Casual,0.0,0.0,Casual,1.0,0.0,0.0,Positive,,single only,41.0,12.0,3.5,18.0,
359,217100,2013-12-18,4400.0,6.0,6.0,Action,0.0,23.0,Horror,5.0,0.0,0.0,,,single only,495.0,552.0,,,49.0
360,217120,2015-12-16,10500.0,5.0,5.0,Action,0.0,36.0,Early Access,1.0,0.0,0.0,Very Positive,,single only,76.0,13.0,0.2,7.0,5.9
361,217140,2013-08-01,16000.0,6.0,5.0,Action,0.0,80.0,FPS,1.0,0.0,1.0,,,single only,1559.0,782.0,8.8,2002.0,76.7
362,217200,1999-05-31,16000.0,1.0,1.0,Strategy,0.0,0.0,Strategy,9.0,0.0,0.0,Very Positive,Very Positive,single only,7346.0,438.0,148.3,826.0,
363,217270,2012-12-04,4400.0,2.0,2.0,Action,0.0,12.0,Action,5.0,0.0,0.0,Mostly Positive,,single only,215.0,94.0,0.1,52.0,84.7
364,217290,2010-03-31,10500.0,5.0,5.0,Action,0.0,51.0,RPG,1.0,0.0,1.0,Very Positive,,single only,178.0,30.0,,,37.0
365,217690,2013-04-13,11800.0,6.0,2.0,Adventure,0.0,35.0,Horror,8.0,0.0,0.0,,,single only,939.0,570.0,,,51.1
366,217750,,,,,,,,,,,,,,,,,,,
367,217790,2012-09-22,10500.0,2.0,2.0,Simulation,0.0,22.0,Simulation,6.0,0.0,1.0,Mostly Positive,,single only,680.0,206.0,,,57.4
368,217920,2013-09-25,21000.0,2.0,2.0,Action,0.0,49.0,Action,9.0,0.0,0.0,,,single only,2146.0,1015.0,2.7,496.0,90.8
369,217980,,,,,,,,,,,,,,,,,,,
370,218020,2008-03-01,5500.0,2.0,2.0,Strategy,0.0,0.0,RPG,1.0,0.0,0.0,Very Positive,,single only,78.0,10.0,,,
371,218040,2007-12-01,20500.0,4.0,4.0,Indie,0.0,0.0,Political Sim,1.0,0.0,0.0,,,single only,56.0,50.0,,,
372,218060,2013-02-27,16000.0,5.0,5.0,Action,0.0,26.0,Rhythm,1.0,0.0,1.0,Very Positive,,single only,2742.0,235.0,2.1,772.0,62.9
373,218090,2012-10-18,10500.0,5.0,5.0,Indie,0.0,0.0,Strategy,1.0,0.0,1.0,Mostly Positive,,single only,689.0,175.0,7.8,358.0,
374,218230,2012-11-21,0.0,6.0,3.0,Action,0.0,0.0,Free to Play,7.0,0.0,0.0,Mostly Positive,Very Positive,,54615.0,12071.0,1857.3,29449.0,
375,218410,2012-10-31,15500.0,5.0,5.0,Indie,0.0,30.0,Tower Defense,11.0,0.0,0.0,Overwhelmingly Positive,,single only,3113.0,137.0,7.9,2944.0,68.6
376,218510,2012-09-28,,6.0,6.0,Indie,0.0,21.0,Strategy,8.0,0.0,0.0,,,single only,757.0,274.0,,,11.5
377,218620,2013-08-13,10500.0,2.0,2.0,Action,0.0,1287.0,Co-op,11.0,0.0,1.0,Very Positive,Very Positive,single and multi,517384.0,62415.0,32574.5,247628.0,86.2
378,218640,2012-10-27,10500.0,5.0,5.0,Action,0.0,58.0,Horror,9.0,0.0,0.0,Very Positive,Very Positive,single only,7494.0,1776.0,13.7,1477.0,75.9
379,218660,2012-11-02,6500.0,6.0,6.0,Action,0.0,12.0,Action,1.0,0.0,0.0,Very Positive,,single only,126.0,35.0,0.0,37.0,65.6
380,218680,2013-02-16,21000.0,1.0,1.0,Adventure,0.0,25.0,Puzzle,7.0,0.0,0.0,Very Positive,Very Positive,single only,9465.0,665.0,42.4,5118.0,73.5
381,218700,2013-01-08,15000.0,6.0,6.0,Adventure,0.0,0.0,Adventure,1.0,0.0,0.0,Mostly Positive,,single only,92.0,39.0,,,
382,218740,2012-11-01,20500.0,3.0,3.0,Adventure,0.0,12.0,Indie,5.0,0.0,1.0,Mostly Positive,,single only,2017.0,383.0,0.7,1398.0,80.3
383,218820,2014-03-26,21000.0,4.0,4.0,Action,0.0,26.0,Action,3.0,0.0,0.0,Mostly Positive,,single only,1660.0,691.0,4.2,832.0,28.6
384,218980,,,6.0,6.0,Casual,0.0,0.0,Casual,1.0,0.0,0.0,,,single only,23.0,131.0,,,
385,219070,2012-08-29,5500.0,4.0,4.0,Action,0.0,0.0,Action,1.0,0.0,0.0,,,single only,11.0,20.0,0.0,4.0,
386,219150,2012-10-24,10500.0,1.0,1.0,Action,0.0,35.0,Great Soundtrack,7.0,0.0,1.0,Overwhelmingly Positive,Overwhelmingly Positive,single only,73290.0,1984.0,222.6,6858.0,80.8
387,219190,2013-03-19,13500.0,5.0,5.0,Action,0.0,67.0,Indie,1.0,0.0,1.0,Very Positive,,single only,580.0,68.0,,,76.5
388,219200,2013-01-10,13500.0,5.0,5.0,Action,0.0,35.0,Action,1.0,0.0,0.0,Very Positive,,single only,296.0,65.0,0.4,116.0,72.5
389,219640,2012-10-17,27000.0,6.0,6.0,Action,0.0,49.0,Medieval,9.0,0.0,1.0,Very Positive,Very Positive,,54705.0,11674.0,98.8,25145.0,30.2
390,219680,2013-01-31,10500.0,6.0,6.0,Adventure,0.0,0.0,Exploration,1.0,0.0,0.0,Very Positive,,single only,1968.0,659.0,1.4,286.0,
391,219700,2014-02-04,0.0,4.0,2.0,Free to Play,0.0,10.0,Free to Play,2.0,0.0,0.0,,,,449.0,251.0,,,14.9
392,219740,,10500.0,1.0,6.0,Adventure,0.0,0.0,Survival,2.0,0.0,1.0,Overwhelmingly Positive,Overwhelmingly Positive,single only,93520.0,3088.0,1942.3,16556.0,
393,219760,2004-04-27,6500.0,2.0,2.0,RPG,0.0,0.0,RPG,5.0,0.0,0.0,,,single only,279.0,253.0,3.8,38.0,
394,219780,2012-10-30,21000.0,2.0,2.0,RPG,0.0,0.0,RPG,7.0,0.0,0.0,Very Positive,Very Positive,single only,3244.0,615.0,42.0,1237.0,
395,219830,2013-11-06,0.0,5.0,5.0,Action,0.0,64.0,Multiplayer,3.0,0.0,1.0,Very Positive,Very Positive,single and multi,4129.0,781.0,32.6,1294.0,37.6
396,219890,2013-02-01,21000.0,6.0,6.0,Adventure,0.0,0.0,Puzzle,1.0,0.0,0.0,Very Positive,Overwhelmingly Positive,single only,14785.0,747.0,18.5,2352.0,
397,219910,2012-10-17,21000.0,2.0,2.0,Adventure,0.0,29.0,Point & Click,4.0,0.0,1.0,Very Positive,Very Positive,single only,2383.0,284.0,10.5,211.0,37.6
398,219950,2012-12-18,8000.0,1.0,1.0,Adventure,0.0,13.0,Adventure,5.0,0.0,0.0,Very Positive,Very Positive,single only,1224.0,212.0,3.2,132.0,31.7
399,219990,2016-02-26,26000.0,3.0,3.0,Action,0.0,185.0,Action RPG,13.0,0.0,1.0,Very Positive,Very Positive,single and multi,71214.0,4953.0,3447.9,61093.0,63.9
400,220090,2013-01-10,7500.0,5.0,5.0,Adventure,0.0,0.0,Adventure,2.0,0.0,0.0,Very Positive,,single only,1067.0,156.0,0.7,235.0,
401,220160,2013-03-22,22000.0,6.0,1.0,Action,0.0,0.0,Racing,12.0,0.0,0.0,Mostly Positive,,single only,1589.0,462.0,5.5,4300.0,
402,220200,2015-04-28,43000.0,2.0,6.0,Indie,0.0,0.0,Space,9.0,0.0,1.0,Overwhelmingly Positive,Overwhelmingly Positive,single only,98908.0,5328.0,2914.9,19079.0,
403,220240,2012-11-29,22000.0,6.0,1.0,Action,0.0,0.0,Open World,17.0,0.0,0.0,Very Positive,Very Positive,single only,76471.0,8245.0,523.9,23042.0,
404,220260,2013-10-10,15500.0,2.0,2.0,Casual,0.0,16.0,Simulation,7.0,0.0,1.0,Very Positive,Very Positive,single only,4484.0,398.0,25.4,4589.0,42.1
405,220420,2012-10-24,20500.0,3.0,3.0,Adventure,0.0,0.0,Adventure,1.0,0.0,1.0,Positive,,single only,39.0,2.0,3.2,22.0,
406,220440,2013-01-24,28250.0,6.0,1.0,Action,0.0,58.0,Action,9.0,0.0,1.0,Very Positive,Very Positive,single only,22104.0,1531.0,178.4,5731.0,85.4
407,220460,2012-11-02,3300.0,6.0,6.0,Action,0.0,19.0,Action,6.0,0.0,0.0,Very Positive,,single only,711.0,161.0,5.9,207.0,46.0
408,220660,2013-04-27,31000.0,6.0,6.0,Indie,0.0,0.0,Strategy,5.0,0.0,0.0,,,single only,630.0,799.0,5.9,3091.0,
409,220740,2012-11-07,21000.0,2.0,2.0,Adventure,0.0,34.0,Adventure,9.0,0.0,1.0,Very Positive,Very Positive,single only,2087.0,202.0,20.7,337.0,73.0
410,220780,2012-11-13,32000.0,4.0,4.0,Indie,0.0,35.0,Platformer,1.0,0.0,0.0,Very Positive,Very Positive,single only,8205.0,517.0,7.6,1032.0,93.7
411,220820,2012-10-18,10500.0,4.0,4.0,Action,0.0,103.0,Zombies,6.0,0.0,1.0,Very Positive,,single only,2860.0,587.0,3.3,925.0,75.6
412,220860,2012-09-26,5000.0,6.0,6.0,Action,0.0,0.0,Point & Click,1.0,0.0,0.0,Very Positive,Very Positive,single only,3139.0,605.0,1.6,2286.0,
413,220900,2013-05-01,5500.0,4.0,4.0,Action,0.0,27.0,Casual,1.0,0.0,0.0,Positive,,single only,224.0,127.0,0.3,125.0,25.8
414,221020,2012-11-08,,6.0,6.0,Indie,0.0,0.0,City Builder,2.0,0.0,0.0,,,single only,708.0,1994.0,,,
415,221040,2013-03-22,28250.0,1.0,1.0,Action,0.0,70.0,Action,8.0,0.0,1.0,Very Positive,Very Positive,single only,30279.0,7501.0,793.6,11836.0,87.0
416,221100,2018-12-14,49900.0,2.0,2.0,Action,0.0,13.0,Survival,12.0,1.0,1.0,Very Positive,Mostly Positive,multi only,219154.0,89429.0,29257.9,58240.0,2.8
417,221180,2014-10-15,16000.0,6.0,6.0,Indie,0.0,20.0,Strategy,1.0,0.0,1.0,Very Positive,,single only,587.0,60.0,7.9,114.0,41.1
418,221260,2012-11-20,15500.0,3.0,3.0,Adventure,0.0,0.0,Casual,7.0,0.0,1.0,Very Positive,Overwhelmingly Positive,single only,9094.0,545.0,22.5,2060.0,
419,221380,,,,,,,,,,,,,,,,,,,
420,221540,2014-09-24,6500.0,5.0,5.0,Indie,0.0,65.0,Strategy,11.0,0.0,0.0,Very Positive,Very Positive,single only,2281.0,402.0,35.0,1315.0,87.3
421,221640,2012-11-28,3300.0,4.0,4.0,Action,0.0,6.0,Difficult,1.0,0.0,0.0,Very Positive,Overwhelmingly Positive,single only,22452.0,743.0,20.8,2650.0,44.5
422,221680,2016-10-05,11000.0,1.0,1.0,Casual,0.0,47.0,Music,6.0,0.0,1.0,Very Positive,Very Positive,single only,17816.0,1565.0,769.4,4063.0,93.7
423,221810,2013-01-24,16000.0,2.0,2.0,Adventure,0.0,27.0,Adventure,5.0,0.0,1.0,Very Positive,,single only,2160.0,315.0,6.6,2279.0,46.3
424,221830,2012-12-06,20000.0,5.0,1.0,Adventure,0.0,34.0,Adventure,2.0,0.0,1.0,Very Positive,,single only,333.0,65.0,,,78.4
425,221910,2013-10-18,16000.0,6.0,6.0,Adventure,0.0,10.0,Comedy,12.0,0.0,0.0,Very Positive,Very Positive,single only,39043.0,3218.0,61.5,4818.0,80.1
426,222140,2012-11-10,8500.0,6.0,6.0,Action,0.0,23.0,Indie,5.0,0.0,1.0,Mostly Positive,,single only,338.0,126.0,,,86.3
427,222160,2012-10-23,5500.0,5.0,6.0,Adventure,0.0,0.0,Adventure,12.0,0.0,0.0,,,single only,311.0,180.0,,,
428,222180,2015-03-10,3300.0,6.0,6.0,Action,0.0,15.0,Indie,6.0,0.0,0.0,,,single only,25.0,16.0,,,16.8
429,222420,2014-12-16,16000.0,2.0,2.0,Action,0.0,12.0,Fighting,3.0,0.0,1.0,Very Positive,Very Positive,single only,1946.0,236.0,37.5,609.0,31.4
430,222440,2015-02-27,16000.0,2.0,2.0,Action,0.0,12.0,Fighting,3.0,0.0,0.0,Very Positive,Very Positive,single and multi,3102.0,170.0,106.5,589.0,28.6
431,222480,2013-05-20,28250.0,1.0,1.0,Action,0.0,50.0,Action,13.0,0.0,1.0,Very Positive,Very Positive,single only,8818.0,1445.0,123.5,2083.0,76.6
432,222500,2016-08-25,,5.0,5.0,Action,0.0,0.0,Free to Play,1.0,0.0,0.0,,,single only,19.0,20.0,,,
433,222520,2007-05-24,0.0,5.0,5.0,Free to Play,0.0,0.0,Free to Play,5.0,0.0,0.0,,,,715.0,356.0,25.9,785.0,
434,222606,2013-10-18,21000.0,2.0,2.0,Simulation,0.0,0.0,Simulation,1.0,0.0,0.0,Positive,,single only,27.0,0.0,,,
435,222615,2013-11-15,32000.0,2.0,2.0,Simulation,0.0,0.0,Simulation,1.0,0.0,0.0,,,single only,,,,,
436,222618,2013-12-05,43000.0,2.0,2.0,Simulation,0.0,0.0,Simulation,1.0,0.0,0.0,Mostly Positive,,single only,43.0,11.0,,,
437,222640,2013-09-13,16500.0,4.0,2.0,Adventure,0.0,29.0,RPG,6.0,0.0,0.0,Mostly Positive,,single only,564.0,197.0,1.1,461.0,60.1
438,222660,2013-03-21,10500.0,6.0,6.0,Action,0.0,21.0,Indie,5.0,0.0,0.0,Very Positive,,single only,314.0,56.0,,,11.1
439,222730,2013-05-17,10500.0,4.0,4.0,Indie,0.0,123.0,God Game,9.0,0.0,1.0,Mostly Positive,,single only,4259.0,1173.0,14.2,4178.0,93.0
440,222750,2013-05-30,21900.0,2.0,2.0,Indie,0.0,0.0,Strategy,8.0,0.0,1.0,Very Positive,,single and multi,3674.0,505.0,41.6,4413.0,
441,222820,2012-11-10,,6.0,6.0,Strategy,0.0,0.0,Strategy,5.0,0.0,0.0,Positive,,single only,12.0,0.0,0.1,108.0,
442,222860,,,6.0,6.0,,0.0,0.0,Multiplayer,1.0,0.0,0.0,Positive,,,26.0,6.0,,,
443,222880,2014-01-23,15500.0,2.0,2.0,Action,0.0,100.0,FPS,11.0,0.0,0.0,Very Positive,Very Positive,,113588.0,10260.0,515.8,121264.0,48.2
444,222940,2013-09-13,21000.0,2.0,2.0,Action,0.0,46.0,Fighting,9.0,0.0,0.0,Very Positive,Very Positive,single only,7883.0,836.0,116.6,1053.0,45.0
445,222980,2012-12-08,3300.0,6.0,6.0,Action,0.0,30.0,Zombies,1.0,0.0,0.0,Very Positive,,single only,2062.0,316.0,1.3,286.0,35.6
446,223000,2012-10-25,10500.0,6.0,6.0,Strategy,0.0,26.0,Casual,1.0,0.0,0.0,Very Positive,,single only,223.0,36.0,2.7,45.0,86.4
447,223100,2016-05-20,20500.0,1.0,1.0,Action,0.0,74.0,Action,10.0,0.0,1.0,Mostly Positive,,single only,8663.0,6041.0,45.0,4352.0,83.1
448,223220,2012-10-23,16000.0,4.0,4.0,Action,0.0,25.0,Side Scroller,7.0,0.0,1.0,Very Positive,,single only,1372.0,388.0,,,75.3
449,223280,2013-03-23,5500.0,6.0,6.0,Indie,0.0,0.0,Indie,4.0,0.0,0.0,Very Positive,,single only,132.0,15.0,1.1,29.0,
450,223330,2016-02-12,16000.0,6.0,5.0,RPG,0.0,73.0,Pirates,2.0,0.0,1.0,Mostly Positive,,single only,1489.0,486.0,75.4,449.0,44.9
451,223410,2014-10-18,0.0,6.0,6.0,Indie,0.0,34.0,Massively Multiplayer,6.0,0.0,0.0,Mostly Positive,,,522.0,202.0,5.2,277.0,49.3
452,223430,2012-11-29,5500.0,4.0,4.0,Action,0.0,12.0,Action,4.0,0.0,0.0,,,single only,124.0,232.0,,,49.3
453,223450,2013-04-25,16000.0,6.0,6.0,Action,0.0,27.0,Indie,5.0,0.0,0.0,Mostly Positive,,single only,173.0,53.0,,,7.8
454,223470,2003-04-13,10500.0,2.0,2.0,Action,0.0,89.0,Open World,7.0,0.0,1.0,Overwhelmingly Positive,Overwhelmingly Positive,single only,67860.0,2716.0,473.5,4571.0,64.1
455,223490,2014-07-04,10500.0,6.0,6.0,Casual,0.0,0.0,Open World Survival Craft,1.0,0.0,0.0,,,single only,413.0,468.0,0.5,84.0,
456,223510,2012-11-29,16000.0,6.0,6.0,Action,0.0,27.0,Survival,1.0,0.0,0.0,Mostly Positive,,single only,860.0,261.0,,,47.2
457,223630,,,6.0,6.0,Action,0.0,0.0,Indie,3.0,0.0,0.0,,,,403.0,260.0,,,
458,223710,2013-04-26,0.0,6.0,6.0,Action,0.0,0.0,Horror,7.0,0.0,0.0,Very Positive,Very Positive,single only,35042.0,5642.0,165.4,3052.0,
459,223730,2012-11-10,12000.0,4.0,4.0,Action,0.0,19.0,Platformer,5.0,0.0,1.0,Very Positive,,single only,415.0,67.0,0.2,107.0,25.2
460,223750,2018-03-18,0.0,4.0,6.0,Free to Play,0.0,0.0,Simulation,7.0,0.0,1.0,Very Positive,Very Positive,single and multi,19291.0,3388.0,1494.0,3328.0,
461,223810,2013-02-15,16000.0,6.0,2.0,Action,0.0,17.0,JRPG,1.0,0.0,0.0,Very Positive,Very Positive,single only,1779.0,215.0,7.9,544.0,32.0
462,223830,2014-06-17,27000.0,5.0,5.0,Indie,0.0,0.0,Turn-Based Strategy,1.0,0.0,0.0,Mostly Positive,Very Positive,single only,3529.0,478.0,113.8,1601.0,
463,224000,2018-11-27,0.0,5.0,5.0,Free to Play,0.0,6.0,Free to Play,1.0,0.0,0.0,Mostly Positive,,single only,392.0,127.0,0.0,192.0,95.9
464,224040,2014-02-15,10500.0,1.0,1.0,Action,0.0,20.0,Action,9.0,0.0,0.0,Very Positive,,single only,241.0,64.0,,,78.4
465,224260,2011-10-31,0.0,6.0,6.0,Action,0.0,112.0,Free to Play,17.0,0.0,1.0,Very Positive,Very Positive,,58512.0,6695.0,467.6,10869.0,41.3
466,224300,2003-12-17,7500.0,1.0,1.0,Action,0.0,0.0,Action,1.0,0.0,0.0,Very Positive,,single only,740.0,119.0,3.6,52.0,
467,224440,,,6.0,6.0,Indie,0.0,0.0,City Builder,1.0,0.0,0.0,,,single only,1060.0,1691.0,,,
468,224460,2013-11-16,10500.0,6.0,6.0,Adventure,0.0,22.0,Indie,6.0,0.0,1.0,Very Positive,,single only,4633.0,479.0,1.4,518.0,87.6
469,224480,2014-01-30,15400.0,5.0,5.0,Action,0.0,32.0,Comedy,12.0,0.0,1.0,Very Positive,Very Positive,single only,8167.0,573.0,25.5,1810.0,48.4
470,224500,2016-02-24,16000.0,6.0,6.0,Indie,0.0,0.0,Colony Sim,1.0,0.0,0.0,Mostly Positive,,single only,2656.0,775.0,17.6,2040.0,
471,224760,2013-05-02,10500.0,6.0,6.0,Indie,0.0,12.0,Platformer,9.0,0.0,1.0,Very Positive,Very Positive,single only,12465.0,1014.0,23.1,2526.0,81.2
472,224820,2013-02-19,7500.0,6.0,2.0,Action,0.0,46.0,Action Roguelike,1.0,0.0,1.0,Overwhelmingly Positive,,single only,1514.0,66.0,4.3,282.0,75.8
473,224860,2013-10-01,,2.0,2.0,Indie,0.0,0.0,Strategy,7.0,0.0,0.0,,,single only,289.0,613.0,,,
474,224880,,,6.0,6.0,,0.0,0.0,,1.0,0.0,0.0,,,single only,,,,,
475,224900,2012-12-14,21000.0,6.0,6.0,Action,0.0,30.0,Simulation,7.0,0.0,1.0,,,single only,614.0,440.0,5.8,6041.0,9.2
476,224920,1999-09-09,,1.0,1.0,Action,0.0,0.0,Adventure,1.0,0.0,0.0,Mostly Positive,,single only,1251.0,452.0,2.4,144.0,
477,224940,2001-11-20,7500.0,1.0,1.0,Action,0.0,0.0,Adventure,1.0,0.0,0.0,,,single only,537.0,255.0,2.7,42.0,
478,224960,2012-11-29,7500.0,6.0,1.0,Action,0.0,0.0,Adventure,1.0,0.0,0.0,Very Positive,Very Positive,single only,3280.0,575.0,20.8,199.0,
479,224980,2012-11-29,7500.0,6.0,1.0,Action,0.0,0.0,Adventure,1.0,0.0,0.0,Very Positive,Very Positive,single only,890.0,134.0,15.5,85.0,
480,225000,2012-11-29,7500.0,6.0,1.0,Action,0.0,0.0,Adventure,1.0,0.0,0.0,Mostly Positive,,single only,486.0,174.0,6.3,45.0,
481,225020,2012-11-29,7500.0,6.0,1.0,Action,0.0,0.0,Action,1.0,0.0,0.0,,,single only,712.0,485.0,6.8,52.0,
482,225080,2013-09-04,16000.0,6.0,2.0,Action,0.0,12.0,Adventure,9.0,0.0,0.0,Very Positive,Very Positive,single only,36772.0,2083.0,20.5,2019.0,34.7
483,225160,1997-05-13,10500.0,5.0,1.0,Action,0.0,20.0,FPS,1.0,0.0,0.0,Mostly Positive,Very Positive,single only,2632.0,275.0,6.8,283.0,52.4
484,225260,2013-02-27,16000.0,2.0,2.0,Action,0.0,59.0,Action,5.0,0.0,1.0,Very Positive,Very Positive,single only,15636.0,1166.0,45.6,7129.0,66.8
485,225280,2014-05-09,14000.0,5.0,5.0,Action,0.0,25.0,Action Roguelike,11.0,0.0,0.0,Very Positive,,single only,1032.0,187.0,0.6,462.0,35.6
486,225300,2012-11-29,7500.0,6.0,1.0,Action,0.0,0.0,Adventure,1.0,0.0,0.0,Very Positive,Very Positive,single only,1623.0,245.0,23.2,135.0,
487,225320,2012-11-29,7500.0,6.0,1.0,Action,0.0,0.0,Adventure,1.0,0.0,0.0,Very Positive,Very Positive,single only,1005.0,189.0,17.4,107.0,
488,225360,2013-07-04,11800.0,2.0,2.0,Action,0.0,31.0,Stealth,4.0,0.0,1.0,,,single only,647.0,586.0,1.4,458.0,69.9
489,225420,2013-04-03,21000.0,1.0,1.0,Simulation,0.0,51.0,Simulation,2.0,0.0,1.0,,,single only,1352.0,1019.0,20.8,1736.0,56.2
490,225540,2015-12-01,21500.0,2.0,1.0,Action,0.0,66.0,Open World,10.0,0.0,1.0,Very Positive,Very Positive,single only,84154.0,18264.0,1171.2,23459.0,81.9
491,225600,2014-05-07,0.0,5.0,5.0,Action,0.0,26.0,Action,20.0,0.0,1.0,,,,3115.0,1619.0,1.5,3114.0,21.1
492,225640,2012-12-22,16000.0,6.0,1.0,RPG,0.0,0.0,RPG,5.0,0.0,0.0,Very Positive,Mostly Positive,single only,2072.0,695.0,64.9,1138.0,
493,225840,1999-01-19,0.0,6.0,6.0,Action,0.0,0.0,FPS,1.0,0.0,0.0,Overwhelmingly Positive,Very Positive,single and multi,23042.0,1649.0,334.4,6510.0,
494,226100,2015-08-04,32000.0,5.0,5.0,Action,0.0,32.0,Indie,6.0,0.0,1.0,Mostly Positive,,single only,705.0,231.0,5.1,336.0,53.9
495,226120,2013-03-20,5500.0,6.0,6.0,Adventure,0.0,0.0,Indie,1.0,0.0,0.0,Mostly Positive,,single only,370.0,204.0,0.8,204.0,
496,226280,2021-09-29,15500.0,5.0,5.0,Adventure,0.0,69.0,Adventure,4.0,0.0,1.0,Positive,,single only,32.0,2.0,0.6,6.0,74.4
497,226560,2014-11-21,16000.0,2.0,1.0,Adventure,0.0,60.0,Zombies,8.0,0.0,0.0,Very Positive,,single only,734.0,460.0,4.3,183.0,72.3
498,226620,2013-11-08,15000.0,6.0,6.0,Adventure,0.0,35.0,Roguelike,2.0,0.0,1.0,Very Positive,,single only,1239.0,132.0,12.2,1528.0,79.0
499,226700,,0.0,5.0,6.0,Action,0.0,64.0,Zombies,12.0,0.0,0.0,,,,10678.0,14883.0,19.2,15345.0,1.4
500,226720,2013-08-26,23540.0,6.0,1.0,Action,0.0,50.0,Action,9.0,0.0,1.0,Very Positive,,single only,2011.0,1214.0,8.0,894.0,65.1
501,226740,2013-03-19,10500.0,5.0,5.0,Adventure,0.0,14.0,Casual,1.0,0.0,0.0,Mostly Positive,,single only,920.0,257.0,1.1,526.0,48.0
502,226780,2013-03-16,10500.0,1.0,1.0,Racing,0.0,50.0,Motocross,5.0,0.0,0.0,,,single only,66.0,50.0,,,98.6
503,226820,2013-05-15,20500.0,3.0,3.0,Adventure,0.0,12.0,Adventure,1.0,0.0,1.0,Very Positive,,single only,166.0,14.0,4.6,47.0,76.3
504,226840,2014-04-01,32000.0,4.0,1.0,RPG,0.0,74.0,Strategy,5.0,0.0,1.0,Very Positive,Very Positive,single only,9010.0,2215.0,363.6,18477.0,63.6
505,226860,2015-05-15,41000.0,2.0,2.0,Indie,0.0,102.0,Aliens,4.0,0.0,1.0,,Mostly Positive,single and multi,7581.0,2315.0,242.5,6225.0,78.4
506,226960,2013-09-19,15500.0,2.0,2.0,Casual,0.0,0.0,Deckbuilding,1.0,0.0,0.0,Mostly Positive,,single only,416.0,186.0,,,
507,227000,2012-12-06,10500.0,5.0,3.0,Adventure,0.0,29.0,Point & Click,5.0,0.0,1.0,Very Positive,Overwhelmingly Positive,single only,2774.0,81.0,3.7,178.0,62.2
508,227020,2013-09-28,23600.0,6.0,6.0,Simulation,0.0,56.0,Strategy,10.0,0.0,1.0,,,single only,268.0,189.0,8.0,587.0,62.4
509,227060,2014-05-16,21000.0,5.0,5.0,Indie,0.0,53.0,Strategy,6.0,0.0,1.0,,,single only,261.0,172.0,2.8,245.0,67.4
510,227080,2013-04-19,16000.0,6.0,6.0,Adventure,0.0,10.0,3D Platformer,6.0,0.0,1.0,Very Positive,,single only,2563.0,177.0,0.8,239.0,72.4
511,227100,2013-03-01,16000.0,2.0,2.0,Action,0.0,26.0,Zombies,7.0,0.0,0.0,Very Positive,Very Positive,single only,3759.0,512.0,8.7,3168.0,78.0
512,227160,2014-11-22,21000.0,6.0,6.0,Action,0.0,0.0,Space,1.0,0.0,0.0,,,single only,276.0,1248.0,0.1,651.0,
513,227180,2013-04-02,,6.0,6.0,Free to Play,0.0,35.0,Strategy,5.0,0.0,1.0,,,single only,1841.0,886.0,5.6,1217.0,51.3
514,227200,2012-12-14,10500.0,6.0,6.0,Action,0.0,17.0,Sci-fi,1.0,0.0,1.0,Very Positive,,single only,1000.0,127.0,,,46.8
515,227220,2013-04-06,0.0,5.0,5.0,Action,0.0,33.0,Strategy,2.0,0.0,0.0,Very Positive,,single only,1617.0,228.0,1.6,493.0,59.4
516,227300,,,,,,,,,,,,,,,,,,,
517,227380,,,,,,,,,,,,,,,,,,,
518,227400,,,,,,,,,,,,,,,,,,,
519,227480,,,,,,,,,,,,,,,,,,,
520,227560,,,,,,,,,,,,,,,,,,,
521,227580,,,,,,,,,,,,,,,,,,,
522,227600,,,,,,,,,,,,,,,,,,,
523,227760,,,,,,,,,,,,,,,,,,,
524,227780,,,,,,,,,,,,,,,,,,,
525,227800,,,,,,,,,,,,,,,,,,,
526,227860,,,,,,,,,,,,,,,,,,,
527,227940,,,,,,,,,,,,,,,,,,,
528,228200,,,,,,,,,,,,,,,,,,,
529,228260,,,,,,,,,,,,,,,,,,,
530,228280,,,,,,,,,,,,,,,,,,,
531,228300,,,,,,,,,,,,,,,,,,,
532,228320,,,,,,,,,,,,,,,,,,,
533,228360,,,,,,,,,,,,,,,,,,,
534,228380,,,,,,,,,,,,,,,,,,,
535,228440,,,,,,,,,,,,,,,,,,,
536,228560,,,,,,,,,,,,,,,,,,,
537,228760,,,,,,,,,,,,,,,,,,,
538,228960,,,,,,,,,,,,,,,,,,,
539,229480,,,,,,,,,,,,,,,,,,,
540,229520,,,,,,,,,,,,,,,,,,,
541,229560,,,,,,,,,,,,,,,,,,,
542,229580,,,,,,,,,,,,,,,,,,,
543,229600,,,,,,,,,,,,,,,,,,,
544,229790,,,,,,,,,,,,,,,,,,,
545,229810,,,,,,,,,,,,,,,,,,,
546,229870,,,,,,,,,,,,,,,,,,,
547,229890,,,,,,,,,,,,,,,,,,,
548,229970,,,,,,,,,,,,,,,,,,,
549,230050,,,,,,,,,,,,,,,,,,,
550,230070,,,,,,,,,,,,,,,,,,,
551,230150,,,,,,,,,,,,,,,,,,,
552,230190,,,,,,,,,,,,,,,,,,,
553,230210,,,,,,,,,,,,,,,,,,,
554,230230,,,,,,,,,,,,,,,,,,,
555,230270,,,,,,,,,,,,,,,,,,,
556,230290,,,,,,,,,,,,,,,,,,,
557,230330,,,,,,,,,,,,,,,,,,,
558,230350,,,,,,,,,,,,,,,,,,,
559,230410,,,,,,,,,,,,,,,,,,,
560,230650,,,,,,,,,,,,,,,,,,,
561,230700,,,,,,,,,,,,,,,,,,,
562,230760,,,,,,,,,,,,,,,,,,,
563,230820,,,,,,,,,,,,,,,,,,,
564,230840,,,,,,,,,,,,,,,,,,,
565,230860,,,,,,,,,,,,,,,,,,,
566,230980,,,,,,,,,,,,,,,,,,,
567,231020,,,,,,,,,,,,,,,,,,,
568,231040,,,,,,,,,,,,,,,,,,,
569,231060,,,,,,,,,,,,,,,,,,,
570,231140,,,,,,,,,,,,,,,,,,,
571,231160,,,,,,,,,,,,,,,,,,,
572,231200,,,,,,,,,,,,,,,,,,,
573,231310,,,,,,,,,,,,,,,,,,,
574,231330,,,,,,,,,,,,,,,,,,,
575,231390,,,,,,,,,,,,,,,,,,,
576,231430,,,,,,,,,,,,,,,,,,,
577,231720,,,,,,,,,,,,,,,,,,,
578,231740,,,,,,,,,,,,,,,,,,,
579,231910,,,,,,,,,,,,,,,,,,,
580,232010,,,,,,,,,,,,,,,,,,,
581,232050,,,,,,,,,,,,,,,,,,,
582,232090,,,,,,,,,,,,,,,,,,,
583,232430,,,,,,,,,,,,,,,,,,,
584,232750,,,,,,,,,,,,,,,,,,,
585,232770,,,,,,,,,,,,,,,,,,,
586,232790,,,,,,,,,,,,,,,,,,,
587,232810,,,,,,,,,,,,,,,,,,,
588,232890,,,,,,,,,,,,,,,,,,,
589,232910,,,,,,,,,,,,,,,,,,,
590,232950,,,,,,,,,,,,,,,,,,,
591,232970,,,,,,,,,,,,,,,,,,,
592,233110,,,,,,,,,,,,,,,,,,,
593,233130,,,,,,,,,,,,,,,,,,,
594,233150,,,,,,,,,,,,,,,,,,,
595,233190,,,,,,,,,,,,,,,,,,,
596,233210,,,,,,,,,,,,,,,,,,,
597,233230,,,,,,,,,,,,,,,,,,,
598,233270,,,,,,,,,,,,,,,,,,,
599,233290,,,,,,,,,,,,,,,,,,,
600,233310,,,,,,,,,,,,,,,,,,,
601,233350,,,,,,,,,,,,,,,,,,,
602,233370,,,,,,,,,,,,,,,,,,,
603,233410,,,,,,,,,,,,,,,,,,,
604,233450,,,,,,,,,,,,,,,,,,,
605,233470,,,,,,,,,,,,,,,,,,,
606,233510,,,,,,,,,,,,,,,,,,,
607,233530,,,,,,,,,,,,,,,,,,,
608,233550,,,,,,,,,,,,,,,,,,,
609,233610,,,,,,,,,,,,,,,,,,,
610,233700,,,,,,,,,,,,,,,,,,,
611,233720,,,,,,,,,,,,,,,,,,,
612,233740,,,,,,,,,,,,,,,,,,,
613,233800,,,,,,,,,,,,,,,,,,,
614,233840,,,,,,,,,,,,,,,,,,,
615,233860,,,,,,,,,,,,,,,,,,,
616,233980,,,,,,,,,,,,,,,,,,,
617,234080,,,,,,,,,,,,,,,,,,,
618,234140,,,,,,,,,,,,,,,,,,,
619,234160,,,,,,,,,,,,,,,,,,,
620,234190,,,,,,,,,,,,,,,,,,,
621,234270,,,,,,,,,,,,,,,,,,,
622,234290,,,,,,,,,,,,,,,,,,,
623,234330,,,,,,,,,,,,,,,,,,,
624,234350,,,,,,,,,,,,,,,,,,,
625,234370,,,,,,,,,,,,,,,,,,,
626,234390,,,,,,,,,,,,,,,,,,,
627,234490,,,,,,,,,,,,,,,,,,,
628,234510,,,,,,,,,,,,,,,,,,,
629,234630,,,,,,,,,,,,,,,,,,,
630,234650,,,,,,,,,,,,,,,,,,,
631,234670,,,,,,,,,,,,,,,,,,,
632,234900,,,,,,,,,,,,,,,,,,,
633,234920,,,,,,,,,,,,,,,,,,,
634,234940,,,,,,,,,,,,,,,,,,,
635,235070,,,,,,,,,,,,,,,,,,,
636,235210,,,,,,,,,,,,,,,,,,,
637,235250,,,,,,,,,,,,,,,,,,,
638,235320,,,,,,,,,,,,,,,,,,,
639,235360,,,,,,,,,,,,,,,,,,,
640,235380,,,,,,,,,,,,,,,,,,,
641,235400,,,,,,,,,,,,,,,,,,,
642,235460,,,,,,,,,,,,,,,,,,,
643,235520,,,,,,,,,,,,,,,,,,,
644,235540,,,,,,,,,,,,,,,,,,,
645,235600,,,,,,,,,,,,,,,,,,,
646,235620,,,,,,,,,,,,,,,,,,,
647,235660,,,,,,,,,,,,,,,,,,,
648,235700,,,,,,,,,,,,,,,,,,,
649,235720,,,,,,,,,,,,,,,,,,,
650,235800,,,,,,,,,,,,,,,,,,,
651,235820,,,,,,,,,,,,,,,,,,,
652,235980,,,,,,,,,,,,,,,,,,,
653,236010,,,,,,,,,,,,,,,,,,,
654,236090,,,,,,,,,,,,,,,,,,,
655,236110,,,,,,,,,,,,,,,,,,,
656,236130,,,,,,,,,,,,,,,,,,,
657,236150,,,,,,,,,,,,,,,,,,,
658,236290,,,,,,,,,,,,,,,,,,,
659,236370,,,,,,,,,,,,,,,,,,,
660,236390,,,,,,,,,,,,,,,,,,,
661,236430,,,,,,,,,,,,,,,,,,,
662,236450,,,,,,,,,,,,,,,,,,,
663,236490,,,,,,,,,,,,,,,,,,,
664,236510,,,,,,,,,,,,,,,,,,,
665,236690,,,,,,,,,,,,,,,,,,,
666,236730,,,,,,,,,,,,,,,,,,,
667,236790,,,,,,,,,,,,,,,,,,,
668,236850,,,,,,,,,,,,,,,,,,,
669,236870,,,,,,,,,,,,,,,,,,,
670,236930,,,,,,,,,,,,,,,,,,,
671,236970,,,,,,,,,,,,,,,,,,,
672,237310,,,,,,,,,,,,,,,,,,,
673,237350,,,,,,,,,,,,,,,,,,,
674,237430,,,,,,,,,,,,,,,,,,,
675,237470,,,,,,,,,,,,,,,,,,,
676,237550,,,,,,,,,,,,,,,,,,,
677,237570,,,,,,,,,,,,,,,,,,,
678,237630,,,,,,,,,,,,,,,,,,,
679,237740,,,,,,,,,,,,,,,,,,,
680,237760,,,,,,,,,,,,,,,,,,,
681,237850,,,,,,,,,,,,,,,,,,,
682,237870,,,,,,,,,,,,,,,,,,,
683,237890,,,,,,,,,,,,,,,,,,,
684,237930,,,,,,,,,,,,,,,,,,,
685,237950,,,,,,,,,,,,,,,,,,,
686,237970,,,,,,,,,,,,,,,,,,,
687,237990,,,,,,,,,,,,,,,,,,,
688,238010,,,,,,,,,,,,,,,,,,,
689,238050,,,,,,,,,,,,,,,,,,,
690,238070,,,,,,,,,,,,,,,,,,,
691,238090,,,,,,,,,,,,,,,,,,,
692,238210,,,,,,,,,,,,,,,,,,,
693,238240,,,,,,,,,,,,,,,,,,,
694,238260,,,,,,,,,,,,,,,,,,,
695,238280,,,,,,,,,,,,,,,,,,,
696,238320,,,,,,,,,,,,,,,,,,,
697,238370,,,,,,,,,,,,,,,,,,,
698,238430,,,,,,,,,,,,,,,,,,,
699,238460,,,,,,,,,,,,,,,,,,,
700,238530,,,,,,,,,,,,,,,,,,,
701,238630,,,,,,,,,,,,,,,,,,,
702,238750,,,,,,,,,,,,,,,,,,,
703,238870,,,,,,,,,,,,,,,,,,,
704,238890,,,,,,,,,,,,,,,,,,,
705,238910,,,,,,,,,,,,,,,,,,,
706,238930,,,,,,,,,,,,,,,,,,,
707,238960,,,,,,,,,,,,,,,,,,,
708,239030,,,,,,,,,,,,,,,,,,,
709,239070,,,,,,,,,,,,,,,,,,,
710,239090,,,,,,,,,,,,,,,,,,,
711,239120,,,,,,,,,,,,,,,,,,,
712,239140,,,,,,,,,,,,,,,,,,,
713,239160,,,,,,,,,,,,,,,,,,,
714,239200,,,,,,,,,,,,,,,,,,,
715,239250,,,,,,,,,,,,,,,,,,,
716,239350,,,,,,,,,,,,,,,,,,,
717,239430,,,,,,,,,,,,,,,,,,,
718,239660,,,,,,,,,,,,,,,,,,,
719,239700,,,,,,,,,,,,,,,,,,,
720,239800,,,,,,,,,,,,,,,,,,,
721,239820,,,,,,,,,,,,,,,,,,,
722,239840,,,,,,,,,,,,,,,,,,,
723,240320,,,,,,,,,,,,,,,,,,,
724,240340,,,,,,,,,,,,,,,,,,,
725,240360,,,,,,,,,,,,,,,,,,,
726,240440,,,,,,,,,,,,,,,,,,,
727,240600,,,,,,,,,,,,,,,,,,,
728,240620,,,,,,,,,,,,,,,,,,,
729,240660,,,,,,,,,,,,,,,,,,,
730,240720,,,,,,,,,,,,,,,,,,,
731,240760,,,,,,,,,,,,,,,,,,,
732,240970,,,,,,,,,,,,,,,,,,,
733,241000,,,,,,,,,,,,,,,,,,,
734,241240,,,,,,,,,,,,,,,,,,,
735,241260,,,,,,,,,,,,,,,,,,,
736,241300,,,,,,,,,,,,,,,,,,,
737,241320,,,,,,,,,,,,,,,,,,,
738,241410,,,,,,,,,,,,,,,,,,,
739,241540,,,,,,,,,,,,,,,,,,,
740,241560,,,,,,,,,,,,,,,,,,,
741,241600,,,,,,,,,,,,,,,,,,,
742,241620,,,,,,,,,,,,,,,,,,,
743,241720,,,,,,,,,,,,,,,,,,,
744,241760,,,,,,,,,,,,,,,,,,,
745,241910,,,,,,,,,,,,,,,,,,,
746,241930,,,,,,,,,,,,,,,,,,,
747,242050,,,,,,,,,,,,,,,,,,,
748,242110,,,,,,,,,,,,,,,,,,,
749,242130,,,,,,,,,,,,,,,,,,,
750,242530,,,,,,,,,,,,,,,,,,,
751,242550,,,,,,,,,,,,,,,,,,,
752,242640,,,,,,,,,,,,,,,,,,,
753,242680,,,,,,,,,,,,,,,,,,,
754,242700,,,,,,,,,,,,,,,,,,,
755,242720,,,,,,,,,,,,,,,,,,,
756,242760,,,,,,,,,,,,,,,,,,,
757,242780,,,,,,,,,,,,,,,,,,,
758,242820,,,,,,,,,,,,,,,,,,,
759,242840,,,,,,,,,,,,,,,,,,,
760,242860,,,,,,,,,,,,,,,,,,,
761,242880,,,,,,,,,,,,,,,,,,,
762,242920,,,,,,,,,,,,,,,,,,,
763,242940,,,,,,,,,,,,,,,,,,,
764,242960,,,,,,,,,,,,,,,,,,,
765,242980,,,,,,,,,,,,,,,,,,,
766,243000,,,,,,,,,,,,,,,,,,,
767,243020,,,,,,,,,,,,,,,,,,,
768,243040,,,,,,,,,,,,,,,,,,,
769,243060,,,,,,,,,,,,,,,,,,,
770,243160,,,,,,,,,,,,,,,,,,,
771,243200,,,,,,,,,,,,,,,,,,,
772,243220,,,,,,,,,,,,,,,,,,,
773,243240,,,,,,,,,,,,,,,,,,,
774,243280,,,,,,,,,,,,,,,,,,,
775,243360,,,,,,,,,,,,,,,,,,,
776,243450,,,,,,,,,,,,,,,,,,,
777,243470,,,,,,,,,,,,,,,,,,,
778,243780,,,,,,,,,,,,,,,,,,,
779,243800,,,,,,,,,,,,,,,,,,,
780,243930,,,,,,,,,,,,,,,,,,,
781,243950,,,,,,,,,,,,,,,,,,,
782,243970,,,,,,,,,,,,,,,,,,,
783,244030,,,,,,,,,,,,,,,,,,,
784,244050,,,,,,,,,,,,,,,,,,,
785,244070,,,,,,,,,,,,,,,,,,,
786,244090,,,,,,,,,,,,,,,,,,,
787,244160,,,,,,,,,,,,,,,,,,,
788,244210,,,,,,,,,,,,,,,,,,,
789,244410,,,,,,,,,,,,,,,,,,,
790,244430,,,,,,,,,,,,,,,,,,,
791,244450,,,,,,,,,,,,,,,,,,,
792,244590,,,,,,,,,,,,,,,,,,,
793,244690,,,,,,,,,,,,,,,,,,,
794,244710,,,,,,,,,,,,,,,,,,,
795,244730,,,,,,,,,,,,,,,,,,,
796,244750,,,,,,,,,,,,,,,,,,,
797,244770,,,,,,,,,,,,,,,,,,,
798,244810,,,,,,,,,,,,,,,,,,,
799,244850,,,,,,,,,,,,,,,,,,,
800,244870,,,,,,,,,,,,,,,,,,,
801,244890,,,,,,,,,,,,,,,,,,,
802,244910,,,,,,,,,,,,,,,,,,,
803,244930,,,,,,,,,,,,,,,,,,,
804,244950,,,,,,,,,,,,,,,,,,,
805,245010,,,,,,,,,,,,,,,,,,,
806,245050,,,,,,,,,,,,,,,,,,,
807,245150,,,,,,,,,,,,,,,,,,,
808,245170,,,,,,,,,,,,,,,,,,,
809,245280,,,,,,,,,,,,,,,,,,,
810,245300,,,,,,,,,,,,,,,,,,,
811,245370,,,,,,,,,,,,,,,,,,,
812,245390,,,,,,,,,,,,,,,,,,,
813,245410,,,,,,,,,,,,,,,,,,,
814,245430,,,,,,,,,,,,,,,,,,,
815,245450,,,,,,,,,,,,,,,,,,,
816,245470,,,,,,,,,,,,,,,,,,,
817,245490,,,,,,,,,,,,,,,,,,,
818,245620,,,,,,,,,,,,,,,,,,,
819,245730,,,,,,,,,,,,,,,,,,,
820,246070,,,,,,,,,,,,,,,,,,,
821,246090,,,,,,,,,,,,,,,,,,,
822,246110,,,,,,,,,,,,,,,,,,,
823,246300,,,,,,,,,,,,,,,,,,,
824,246360,,,,,,,,,,,,,,,,,,,
825,246420,,,,,,,,,,,,,,,,,,,
826,246580,,,,,,,,,,,,,,,,,,,
827,246620,,,,,,,,,,,,,,,,,,,
828,246680,,,,,,,,,,,,,,,,,,,
829,246720,,,,,,,,,,,,,,,,,,,
830,246740,,,,,,,,,,,,,,,,,,,
831,246760,,,,,,,,,,,,,,,,,,,
832,246800,,,,,,,,,,,,,,,,,,,
833,246820,,,,,,,,,,,,,,,,,,,
834,246840,,,,,,,,,,,,,,,,,,,
835,246880,,,,,,,,,,,,,,,,,,,
836,246900,,,,,,,,,,,,,,,,,,,
837,246920,,,,,,,,,,,,,,,,,,,
838,246940,,,,,,,,,,,,,,,,,,,
839,246960,,,,,,,,,,,,,,,,,,,
840,246980,,,,,,,,,,,,,,,,,,,
841,247000,,,,,,,,,,,,,,,,,,,
842,247020,,,,,,,,,,,,,,,,,,,
843,247080,,,,,,,,,,,,,,,,,,,
844,247120,,,,,,,,,,,,,,,,,,,
845,247140,,,,,,,,,,,,,,,,,,,
846,247240,,,,,,,,,,,,,,,,,,,
847,247307,,,,,,,,,,,,,,,,,,,
848,247310,,,,,,,,,,,,,,,,,,,
849,247350,,,,,,,,,,,,,,,,,,,
850,247370,,,,,,,,,,,,,,,,,,,
851,247430,,,,,,,,,,,,,,,,,,,
852,247660,,,,,,,,,,,,,,,,,,,
853,247710,,,,,,,,,,,,,,,,,,,
854,247870,,,,,,,,,,,,,,,,,,,
855,247910,,,,,,,,,,,,,,,,,,,
856,247930,,,,,,,,,,,,,,,,,,,
857,247950,,,,,,,,,,,,,,,,,,,
858,248190,,,,,,,,,,,,,,,,,,,
859,248270,,,,,,,,,,,,,,,,,,,
860,248290,,,,,,,,,,,,,,,,,,,
861,248310,,,,,,,,,,,,,,,,,,,
862,248330,,,,,,,,,,,,,,,,,,,
863,248350,,,,,,,,,,,,,,,,,,,
864,248370,,,,,,,,,,,,,,,,,,,
865,248390,,,,,,,,,,,,,,,,,,,
866,248410,,,,,,,,,,,,,,,,,,,
867,248450,,,,,,,,,,,,,,,,,,,
868,248470,,,,,,,,,,,,,,,,,,,
869,248490,,,,,,,,,,,,,,,,,,,
870,248510,,,,,,,,,,,,,,,,,,,
871,248530,,,,,,,,,,,,,,,,,,,
872,248550,,,,,,,,,,,,,,,,,,,
873,248570,,,,,,,,,,,,,,,,,,,
874,248610,,,,,,,,,,,,,,,,,,,
875,248650,,,,,,,,,,,,,,,,,,,
876,248710,,,,,,,,,,,,,,,,,,,
877,248730,,,,,,,,,,,,,,,,,,,
878,248800,,,,,,,,,,,,,,,,,,,
879,248820,,,,,,,,,,,,,,,,,,,
880,248860,,,,,,,,,,,,,,,,,,,
881,248970,,,,,,,,,,,,,,,,,,,
882,249050,,,,,,,,,,,,,,,,,,,
883,249130,,,,,,,,,,,,,,,,,,,
884,249190,,,,,,,,,,,,,,,,,,,
885,249230,,,,,,,,,,,,,,,,,,,
886,249330,,,,,,,,,,,,,,,,,,,
887,249360,,,,,,,,,,,,,,,,,,,
888,249550,,,,,,,,,,,,,,,,,,,
889,249570,,,,,,,,,,,,,,,,,,,
890,249590,,,,,,,,,,,,,,,,,,,
891,249610,,,,,,,,,,,,,,,,,,,
892,249630,,,,,,,,,,,,,,,,,,,
893,249650,,,,,,,,,,,,,,,,,,,
894,249680,,,,,,,,,,,,,,,,,,,
895,249870,,,,,,,,,,,,,,,,,,,
896,249930,,,,,,,,,,,,,,,,,,,
897,249950,,,,,,,,,,,,,,,,,,,
898,249990,,,,,,,,,,,,,,,,,,,
899,250030,,,,,,,,,,,,,,,,,,,
900,250050,,,,,,,,,,,,,,,,,,,
901,250070,,,,,,,,,,,,,,,,,,,
902,250110,,,,,,,,,,,,,,,,,,,
903,250180,,,,,,,,,,,,,,,,,,,
904,250260,,,,,,,,,,,,,,,,,,,
905,250320,,,,,,,,,,,,,,,,,,,
906,250340,,,,,,,,,,,,,,,,,,,
907,250380,,,,,,,,,,,,,,,,,,,
908,250400,,,,,,,,,,,,,,,,,,,
909,250420,,,,,,,,,,,,,,,,,,,
910,250440,,,,,,,,,,,,,,,,,,,
911,250460,,,,,,,,,,,,,,,,,,,
912,250500,,,,,,,,,,,,,,,,,,,
913,250520,,,,,,,,,,,,,,,,,,,
914,250540,,,,,,,,,,,,,,,,,,,
915,250560,,,,,,,,,,,,,,,,,,,
916,250580,,,,,,,,,,,,,,,,,,,
917,250600,,,,,,,,,,,,,,,,,,,
918,250620,,,,,,,,,,,,,,,,,,,
919,250680,,,,,,,,,,,,,,,,,,,
920,250700,,,,,,,,,,,,,,,,,,,
921,250720,,,,,,,,,,,,,,,,,,,
922,250760,,,,,,,,,,,,,,,,,,,
923,250820,,,,,,,,,,,,,,,,,,,
924,250900,,,,,,,,,,,,,,,,,,,
925,251020,,,,,,,,,,,,,,,,,,,
926,251060,,,,,,,,,,,,,,,,,,,
927,251110,,,,,,,,,,,,,,,,,,,
928,251130,,,,,,,,,,,,,,,,,,,
929,251150,,,,,,,,,,,,,,,,,,,
930,251170,,,,,,,,,,,,,,,,,,,
931,251210,,,,,,,,,,,,,,,,,,,
932,251230,,,,,,,,,,,,,,,,,,,
933,251270,,,,,,,,,,,,,,,,,,,
934,251290,,,,,,,,,,,,,,,,,,,
935,251310,,,,,,,,,,,,,,,,,,,
936,251370,,,,,,,,,,,,,,,,,,,
937,251390,,,,,,,,,,,,,,,,,,,
938,251410,,,,,,,,,,,,,,,,,,,
939,251430,,,,,,,,,,,,,,,,,,,
940,251450,,,,,,,,,,,,,,,,,,,
941,251470,,,,,,,,,,,,,,,,,,,
942,251490,,,,,,,,,,,,,,,,,,,
943,251510,,,,,,,,,,,,,,,,,,,
944,251530,,,,,,,,,,,,,,,,,,,
945,251570,,,,,,,,,,,,,,,,,,,
946,251590,,,,,,,,,,,,,,,,,,,
947,251630,,,,,,,,,,,,,,,,,,,
948,251650,,,,,,,,,,,,,,,,,,,
949,251690,,,,,,,,,,,,,,,,,,,
950,251730,,,,,,,,,,,,,,,,,,,
951,251830,,,,,,,,,,,,,,,,,,,
952,251850,,,,,,,,,,,,,,,,,,,
953,251870,,,,,,,,,,,,,,,,,,,
954,251890,,,,,,,,,,,,,,,,,,,
955,251910,,,,,,,,,,,,,,,,,,,
956,251950,,,,,,,,,,,,,,,,,,,
957,251990,,,,,,,,,,,,,,,,,,,
958,252010,,,,,,,,,,,,,,,,,,,
959,252030,,,,,,,,,,,,,,,,,,,
960,252050,,,,,,,,,,,,,,,,,,,
961,252070,,,,,,,,,,,,,,,,,,,
962,252090,,,,,,,,,,,,,,,,,,,
963,252110,,,,,,,,,,,,,,,,,,,
964,252130,,,,,,,,,,,,,,,,,,,
965,252170,,,,,,,,,,,,,,,,,,,
966,252230,,,,,,,,,,,,,,,,,,,
967,252250,,,,,,,,,,,,,,,,,,,
968,252270,,,,,,,,,,,,,,,,,,,
969,252310,,,,,,,,,,,,,,,,,,,
970,252330,,,,,,,,,,,,,,,,,,,
971,252350,,,,,,,,,,,,,,,,,,,
972,252370,,,,,,,,,,,,,,,,,,,
973,252390,,,,,,,,,,,,,,,,,,,
974,252410,,,,,,,,,,,,,,,,,,,
975,252430,,,,,,,,,,,,,,,,,,,
976,252450,,,,,,,,,,,,,,,,,,,
977,252470,,,,,,,,,,,,,,,,,,,
978,252490,,,,,,,,,,,,,,,,,,,
979,252530,,,,,,,,,,,,,,,,,,,
980,252550,,,,,,,,,,,,,,,,,,,
981,252570,,,,,,,,,,,,,,,,,,,
982,252610,,,,,,,,,,,,,,,,,,,
983,252630,,,,,,,,,,,,,,,,,,,
984,252670,,,,,,,,,,,,,,,,,,,
985,252690,,,,,,,,,,,,,,,,,,,
986,252710,,,,,,,,,,,,,,,,,,,
987,252730,,,,,,,,,,,,,,,,,,,
988,252750,,,,,,,,,,,,,,,,,,,
989,252830,,,,,,,,,,,,,,,,,,,
990,252870,,,,,,,,,,,,,,,,,,,
991,252890,,,,,,,,,,,,,,,,,,,
992,252910,,,,,,,,,,,,,,,,,,,
993,252970,,,,,,,,,,,,,,,,,,,
994,253030,,,,,,,,,,,,,,,,,,,
995,253110,,,,,,,,,,,,,,,,,,,
996,253150,,,,,,,,,,,,,,,,,,,
997,253230,,,,,,,,,,,,,,,,,,,
998,253250,,,,,,,,,,,,,,,,,,,
999,253290,,,,,,,,,,,,,,,,,,,
